"","id","X","Y"
"1",149180020,18.3275163394442,49.9212675288037
"2",149180300,18.3266558880614,49.9545336947828
"3",149180010,18.2878050354979,49.9930055629533
"4",150189994,18.2162058008039,50.0959566307347
"5",150180060,18.2296541271749,50.1220828528504
"6",150180030,18.1469226610363,50.3515332138479
"7",150170240,17.9688695717379,50.4763111443319
"8",150170290,17.9387122868266,50.633696716883
"9",150170230,17.9165150258555,50.6698435194576
"10",150170130,17.6622366974622,50.816296606069
"11",150170090,17.4694767954591,50.865571797039
"12",150170040,17.3060309781487,50.9467820009592
"13",151170030,17.1471240275532,51.0817846683066
"14",151160170,16.7267033792067,51.260628213151
"15",151160150,16.4937351992294,51.2257935774668
"16",151160130,16.443625289845,51.4086479966868
"17",151160060,16.0917863071765,51.6679863267705
"18",151150150,15.7214410457816,51.8020632248841
"19",152150130,15.6091564046738,52.0326344174307
"20",152150050,15.3476846234584,52.0463368150222
"21",152140130,14.8927759606136,52.0525573716384
"22",152140090,14.7283955262256,52.0928666135582
"23",152140050,14.5560057814286,52.3482276155195
"24",152140060,14.6095318405557,52.599692426791
"25",152140020,14.3203470079956,52.7634724235145
"26",152140010,14.1527752394729,52.9282437948555
"27",153140020,14.3821369684668,53.1221579947907
"28",153140030,14.4843236003001,53.2575922881725
"29",153140050,14.5603586027932,53.4225316824203
"30",153140190,14.5928025538035,53.3691000413796
"31",150170160,17.7695376332775,50.0513576948104
"32",150170170,17.7715640793532,50.0515877251962
"33",150179997,17.6032772550167,50.1512528829306
"34",149180130,18.8929971319496,49.571990056194
"35",149180060,18.6297200996774,49.7461623274613
"36",149180070,18.6313668601802,49.7462943369324
"37",149180030,18.4437162293181,49.9238963865953
"38",149180050,18.6132561101275,49.8802480152715
"39",149189998,18.6276840994877,49.8850985181423
"40",149180040,18.4963991600913,49.9257883527081
"41",149189999,18.4704953578263,49.9346048499363
"42",150189995,18.1415173302233,50.045527787521
"43",150180040,18.1539113610689,50.0305126574581
"44",150189999,18.016379779951,50.0831619320697
"45",150189996,18.0544017900546,50.0685581472116
"46",150180090,18.3103642748455,50.157907098879
"47",150180200,18.5992991654414,50.0923692860469
"48",150180280,18.6287965147567,50.0856771373837
"49",150180130,18.4828854636519,50.1542836064495
"50",150180110,18.4019589098692,50.2045934146406
"51",150180140,18.5359725385499,50.101034527432
"52",150180120,18.4674556483602,50.2569060106803
"53",150180080,18.2758216004566,50.2847413394251
"54",150189993,18.2637550371355,50.2875925889559
"55",150180250,18.8645224899407,50.2366926318693
"56",150180220,18.6678349807972,50.2980398253564
"57",150180180,18.614886476887,50.3425712408632
"58",150180150,18.5427722850863,50.3800320649406
"59",150189992,18.4260419576969,50.382742797077
"60",150180070,18.2358297801853,50.3573251649532
"61",150180240,18.7279997923496,50.3045028509902
"62",150180170,18.588350370087,50.3864258250367
"63",150180160,18.5434713866591,50.3823340362591
"64",150180010,18.0425544525408,50.3915213519541
"65",150170180,17.7899904422252,50.3157880533254
"66",150179995,17.8989543135668,50.4344674622435
"67",150170110,17.5770546197229,50.3273869502009
"68",150170080,17.429006175284,50.2867839842389
"69",150170220,17.8971831400837,50.448208480492
"70",150189991,18.9331835882165,50.544454768786
"71",150180190,18.6244786792618,50.5711951357397
"72",150180100,18.3426453046129,50.6632699318736
"73",150180050,18.2036563264582,50.6792547718492
"74",150180020,18.0762345721773,50.7400870524644
"75",150180230,18.6898925922562,50.5617320029781
"76",150160190,16.6643657266248,50.1556724860094
"77",150160170,16.6481394919564,50.2923200242418
"78",150160180,16.658625893423,50.4421090651485
"79",150160220,16.7391570304407,50.5042048101121
"80",150169992,16.9132783019119,50.51678661558
"81",150170060,17.3414462204892,50.4810963342497
"82",150170100,17.480452563977,50.6472617085385
"83",150170140,17.674877797571,50.7619414638786
"84",150160210,16.6920946906607,50.2478244865668
"85",150160150,16.6426504287008,50.2979239508661
"86",150160230,16.8702980864137,50.3465761592772
"87",150160200,16.6735247557185,50.3723904024498
"88",150160260,16.8916607244831,50.2596494793692
"89",150160240,16.8901016083219,50.2594414809215
"90",150160110,16.6044410386612,50.419665955942
"91",150160080,16.4355962694607,50.5526217033237
"92",150160100,16.5711919531717,50.485043576719
"93",150160270,16.8655355732943,50.5321249821362
"94",150170070,17.3798015603382,50.3163117125196
"95",150170050,17.2973629386036,50.4336039825514
"96",150170120,17.6249224305842,50.6452082247868
"97",150189997,18.0531793894496,50.9731767385646
"98",150189998,18.0506725293044,50.9755050136848
"99",150170150,17.7212541314291,50.8787420314957
"100",150179996,17.6901385187905,50.8592401172308
"101",150170200,17.8643491860815,50.9543964918274
"102",150170210,17.8786676854415,50.8605385903241
"103",150179999,17.0408270512438,50.5769782715481
"104",150170010,17.1701849818439,50.8055517720276
"105",150170030,17.2926182932613,50.9477405068547
"106",150179998,17.1739591362941,50.6930483451752
"107",150170020,17.1722717931406,50.7575975148484
"108",150160250,16.8921286624434,50.8022377355079
"109",150160280,16.9899299472085,50.8889690074877
"110",151160230,16.9850621758468,51.0374243730616
"111",151160210,16.9395828821905,51.122865811207
"112",150169991,16.9844146274059,50.8802104075388
"113",150160060,16.403049427825,50.7330053911463
"114",150160070,16.4311178823614,50.7658639530296
"115",150160120,16.5836929180779,50.9156589709187
"116",150160160,16.6496666808825,50.9679588834596
"117",151160190,16.8427537311018,51.1213817058675
"118",150160140,16.6461233811663,50.7262216202447
"119",150160130,16.5838321907983,50.781953172708
"120",150169994,16.5890786520184,50.7220848512304
"121",150160290,16.8291451075892,50.9867829891486
"122",150160030,16.2327896525793,50.877871600757
"123",150169995,16.244057668904,50.9105147916031
"124",150160090,16.4924785013924,50.9529639077607
"125",151160180,16.7926453734568,51.0867332364971
"126",150160050,16.2824216040289,50.7375643588099
"127",150160020,16.3136193042214,50.8604826992675
"128",151170100,17.7566869887813,51.1046727947116
"129",151170090,17.7097717906443,51.0803656425587
"130",151170050,17.4061347565094,51.1059488003604
"131",151179999,17.0970089730884,51.1459938744489
"132",151170020,17.0779267782611,51.1636864069896
"133",151170010,17.0476953211275,51.1710123749931
"134",151179993,17.4434006649924,51.2033557189974
"135",151169995,16.4618669277672,51.1295445138984
"136",151150170,15.8889057231961,51.0170615140936
"137",151160020,16.0261102530032,51.1396123516053
"138",151160050,16.0773676938299,51.157002084058
"139",151160100,16.1990231583663,51.2276190380905
"140",151169998,16.2111344209094,51.2345029928059
"141",151160120,16.3812782230409,51.2739243893613
"142",150169996,16.0991951588747,50.9241607673605
"143",151160090,16.1901897261041,51.0478573304429
"144",151160070,16.0938089046568,51.1113499124238
"145",151160040,16.0465494601077,51.3100736141203
"146",151160080,16.1448213994627,51.2493104986635
"147",151150160,15.8638028566929,51.1890103083563
"148",151150180,15.9452930966991,51.2729749777793
"149",151169997,16.2331567808647,51.2196739515736
"150",151169996,16.4234401545516,51.4125802750971
"151",151170070,17.6712160550038,51.576053332767
"152",151179997,17.2728485632512,51.5342027930451
"153",151170040,17.1462005470196,51.4931696979911
"154",151179998,17.1566328719951,51.4946810320539
"155",151160140,16.4623831577268,51.6316674775191
"156",151170080,17.6703678578382,51.5786277753422
"157",151179992,17.6993996403946,51.5403412323498
"158",151170060,17.564227184857,51.5160556386289
"159",151160220,16.9562740718372,51.4534756543764
"160",151179996,17.2975354032851,51.7300748541857
"161",151160200,16.8723227399018,51.5391753595554
"162",151179994,17.4091322472911,51.7940602720493
"163",151179995,17.3812573967198,51.7958479789462
"164",151160160,16.6693068673409,51.782902046567
"165",151169999,16.0044017111434,51.7375452886612
"166",151160030,16.0394351469517,51.8711870376318
"167",151160260,16.075114292326,51.8804282344135
"168",151150190,15.9704474328524,51.921314927031
"169",152150170,15.7751858705313,52.0732874895177
"170",151160250,16.042100328607,51.8694135513967
"171",151160010,16.0229665458377,51.866127578325
"172",151160110,16.2104402655477,51.9499714183617
"173",152159997,15.7870474377243,52.0955635587804
"174",152150060,15.3812073028176,52.2344955969994
"175",152150260,15.4095006951492,52.2144333460644
"176",150159998,15.921549735202,50.6953106342171
"177",150150120,15.9580844763646,50.71353961497
"178",150150130,15.9861358329675,50.7397925099956
"179",150160010,16.0353302691671,50.7861560454353
"180",150169999,16.044835504886,50.8195583054507
"181",150150100,15.8262685227786,50.8705373072701
"182",150150080,15.7220446224988,50.9109742580851
"183",150150060,15.6402920180343,50.9638521593282
"184",151150140,15.5687466435071,51.3267692051018
"185",151150120,15.5259978634173,51.5613753137975
"186",151150080,15.3157024772216,51.6182379669813
"187",151150050,15.2559066634297,51.7742139957712
"188",151150040,15.2368983148568,51.7984007463711
"189",152150020,15.0789137676751,52.03643015668
"190",150159997,15.9328545263765,50.7147636299474
"191",150159996,15.9874806643368,50.744200622792
"192",150169997,16.0724193795173,50.7346013136439
"193",150169998,16.0844979253436,50.8050017690447
"194",150150090,15.8031270560386,50.8764712404095
"195",150150110,15.8330400528636,50.7954487872173
"196",150150030,15.4395043007634,50.8225368595664
"197",150150050,15.5882516534807,50.8500620288565
"198",150150070,15.7227298077622,50.8987098363517
"199",150159999,15.6879026940426,50.8640982039515
"200",150150190,15.6834684433952,50.8204113142773
"201",150150200,15.7185382554837,50.8200317508895
"202",150150040,15.6002711082891,50.9443265475932
"203",151159997,15.5809768153171,51.3270567462058
"204",151159996,15.9481578976747,51.4751410383524
"205",151150130,15.553528701209,51.5650972154522
"206",150150010,15.383790019565,50.9896328063737
"207",151150110,15.4127801705041,51.0267560376113
"208",151150060,15.2865923723464,51.0282831280163
"209",151150100,15.3960259821506,51.2034593351873
"210",151150090,15.368916323436,51.4912620312125
"211",150150020,15.3839608236654,50.9870713054186
"212",151159998,15.2322407851374,51.4908448402103
"213",151150070,15.2901638574715,51.6140375730553
"214",151150030,15.1978498966393,51.5025134961952
"215",150140010,14.8212501128924,50.8873537165311
"216",150140020,14.8367061706017,50.8963752046822
"217",151140060,14.9945622778185,51.1578180439204
"218",151140040,14.9480875222992,51.4720373820584
"219",151140010,14.706842933816,51.9716876324196
"220",150140100,14.995,50.8922222222222
"221",150140030,14.9176281542778,50.9385232169424
"222",151150020,15.0328138742498,51.0206480783854
"223",151149999,14.9885472715683,51.0381238156971
"224",151140050,14.9714653508579,51.0453356206753
"225",151150010,15.0200262261425,51.1309778963159
"226",151159999,15.1009673080668,51.0830130225303
"227",151140030,14.8212448067184,51.5256686643576
"228",151140020,14.755047024436,51.9147725680991
"229",152140110,14.8474251602127,52.2196185928057
"230",152140080,14.7445736037648,52.2747766114069
"231",150190240,19.370042231998,50.5450677762657
"232",150190200,19.2589300810082,50.6181724992736
"233",150190150,19.204922326684,50.6725094078804
"234",150199995,19.1787338390698,50.7330752474316
"235",150190220,19.2892836225379,50.831252507864
"236",151190060,19.4050642503669,51.0251920594064
"237",151180130,18.8732349790097,51.1102078008607
"238",151180100,18.7828809521227,51.2843633291956
"239",151180120,18.8383173584996,51.4595707657754
"240",151180080,18.7420382227047,51.5998214345197
"241",151189995,18.6413067280403,51.7137435913888
"242",151189993,18.74259322771,51.8869920064483
"243",151180110,18.7808211526411,51.9785506770998
"244",152180120,18.634057241377,52.1952014362131
"245",152189998,18.2914487028379,52.2285088924193
"246",152180050,18.133719110762,52.1980958697068
"247",152170130,17.8859841543458,52.203282612521
"248",152170080,17.695151151369,52.16785303725
"249",152170060,17.5897449449155,52.1417362753494
"250",152170010,17.0164183545748,52.0928944527076
"251",152160140,16.9452771781236,52.4016980498724
"252",152160100,16.8138075503266,52.6436489805642
"253",152160050,16.3793432179665,52.7114059987786
"254",152150200,15.8866745157072,52.6044156367943
"255",152150110,15.5011486716892,52.6020289564665
"256",152150070,15.3886409865649,52.6901594296409
"257",152150080,15.3974223542527,52.7340529633096
"258",152150040,15.2531513390909,52.7299326707806
"259",152150010,14.9985626049926,52.6503852457769
"260",152140070,14.6621276373775,52.5820840887853
"261",150180210,18.6553507833074,50.8219743043969
"262",151189991,18.9266569761547,51.0296442985503
"263",151190010,19.0473401728887,51.0436180290614
"264",151199999,19.1082718167129,51.024214563632
"265",151180090,18.7619165368769,51.3880645798388
"266",151190050,19.3485402041897,51.2901723264646
"267",151190020,19.1138882276421,51.3281630863345
"268",151180170,18.9744510960007,51.4358418106791
"269",151180140,18.9426254871922,51.4653574699878
"270",151190030,19.1215605933691,51.597112675606
"271",151180180,18.9847426168633,51.4585454029893
"272",151180150,18.9472970426748,51.4388978395958
"273",151189992,18.8167105159303,51.7335524896029
"274",151189994,18.7221584994855,51.8010170147779
"275",151199998,19.4261264018099,51.708789494349
"276",151190040,19.2216557001106,51.7565469581073
"277",151180160,18.9495622764628,51.8914486421768
"278",152180150,18.8241636981059,52.0846972857258
"279",152180140,18.7429311281736,52.2004221156278
"280",152180110,18.5753820256663,52.1753502736915
"281",152189994,18.3607675217143,52.4236590017909
"282",152189995,18.3035704824496,52.3628829354676
"283",152189997,18.2960431570368,52.2929147015657
"284",152180160,18.2941666666667,52.2302777777778
"285",152180060,18.2223787204647,52.2028400885732
"286",152170150,17.9761341767405,52.1379658483214
"287",152170140,17.9195277511259,52.4107169250818
"288",152170160,17.9507652125079,52.4006688768247
"289",152170190,NA,NA
"290",152179992,17.8425787199009,52.2402491262456
"291",152170120,17.7436333877751,52.223233825343
"292",151180070,18.4350107182701,51.0340635863909
"293",151180040,18.1551469118432,51.3159403012495
"294",151180020,18.1077126256724,51.7269317498087
"295",151170110,17.9529771782335,51.8984839165204
"296",152179993,17.7263320408635,52.0435910072304
"297",151189998,18.166235168512,51.2139247152153
"298",151180030,18.131713612565,51.2795837950723
"299",151180060,18.2251322759726,51.5191960822958
"300",151180010,18.0688848380442,51.6393079287792
"301",151189997,18.1870718158229,51.7205972262881
"302",151180050,18.2015367463338,51.7927138740024
"303",151189999,18.1250038551757,51.752207426661
"304",151189996,18.2853464959349,51.8659346560738
"305",152179994,17.6165982944425,52.0900292706235
"306",152179996,17.3343918393338,52.1723594353954
"307",152170170,17.0112729783192,52.06970245727
"308",152160090,16.6440497433237,52.0896738806761
"309",152160130,16.8564994936206,52.2485925957775
"310",152160060,16.5319288363213,52.1508416592156
"311",152169999,16.7706470500669,52.2283173069936
"312",152169998,16.7956554731976,52.2682438629975
"313",152160150,16.9534230890267,52.3169794601098
"314",152170020,17.0417681638558,52.4060654415967
"315",152170050,17.3837573973026,52.5624624308762
"316",152170030,17.0716948388415,52.4591755631207
"317",152179995,17.4851827588779,52.7585895098695
"318",152170040,17.0986990649762,52.7730342241419
"319",152160110,16.8375725436041,52.6689648410836
"320",152170180,17.1943057378007,52.8149902725571
"321",152179997,17.1930998318673,52.8082257570638
"322",152179999,17.0357640566178,52.805552254331
"323",152179998,17.0556089422066,52.7195452971396
"324",152160120,16.8399524662553,52.8158258283422
"325",152160170,16.7699361259896,52.4723760605639
"326",152160080,16.5817189533902,52.6123881666979
"327",152160040,16.214431963488,52.6260850461166
"328",152150160,15.6801085296021,52.5358823942034
"329",152159996,15.9140164044515,52.0903606176727
"330",152150210,15.8872864734946,52.2489519676785
"331",152150270,15.9109423356629,52.2483079632453
"332",152150220,15.9230667817908,52.2501473441747
"333",152159998,15.5780788663375,52.446039548644
"334",152150100,15.4463451572016,52.5142375435304
"335",152160030,16.0761689761278,52.0746696863673
"336",152160020,16.0271130483017,52.3764993526615
"337",152150120,15.5755159982708,52.4414127019244
"338",152180100,18.5048170097085,52.4068546251004
"339",152180090,18.3806159454644,52.4385310647152
"340",152180170,NA,NA
"341",152180080,18.3278645545243,52.673946829469
"342",152180030,18.0932154707522,52.7996830741796
"343",153179993,17.6591688872505,53.1095233454307
"344",153170100,17.5619721691028,53.1234668598421
"345",153170010,17.1244031314441,53.0737419274866
"346",153160170,16.7299171501351,53.0547792035745
"347",153160160,16.7230175018181,53.0551783750826
"348",152160070,16.5543086777786,52.9083318758516
"349",152160010,16.002212347567,52.8617284629091
"350",152150190,15.8372667101357,52.8510899277883
"351",152150140,15.6387478874241,52.7757367267634
"352",152150090,15.4181033269724,52.739410751055
"353",152180070,18.3064846998574,52.4967544336239
"354",152179991,17.8894120778708,52.4597487043564
"355",152180010,18.0334985861904,52.6005726878455
"356",152189999,18.1023994856942,52.7370106690434
"357",152179990,17.9508870548173,52.6562250634659
"358",152179989,17.9504883483549,52.6529920845502
"359",152180020,18.0350450648172,52.6268608556243
"360",152170100,17.7329698684027,52.7906225177508
"361",152170090,17.7247567579323,52.8533125585397
"362",152170110,17.7354631611965,52.8523623799783
"363",153179992,17.8008813205923,53.0199967646749
"364",153179991,17.811115845448,53.0554894528709
"365",152170070,17.6414270847497,52.9018730845724
"366",153170040,17.2710684422727,53.1504518432695
"367",152160180,16.926504180233,52.9931555580184
"368",153160120,16.6197619877543,53.8610834470596
"369",153169995,16.6860480631975,53.8014050335613
"370",153160300,NA,NA
"371",153160200,16.7860168422724,53.7464860331232
"372",153169992,16.9097784267348,53.4687648953452
"373",153160210,16.7957034279484,53.3666069309134
"374",153169994,16.7829728762159,53.2230617498407
"375",153160180,16.7398303132087,53.1510084986339
"376",153160100,16.5600529155577,53.6291508022887
"377",153160090,16.538107889726,53.6748570718811
"378",153169996,16.6216671837808,53.7019705987988
"379",153160150,16.6935967456647,53.7058346734266
"380",153160220,16.7999715407558,53.7837292821549
"381",153160260,16.9505442182741,53.6945663482899
"382",153160250,16.8350876696291,53.5247966537941
"383",153160140,16.6844307850664,53.6280926303828
"384",153169993,16.7931089094307,53.3042495114352
"385",153160050,16.2707855286172,53.6132689059683
"386",153160290,NA,NA
"387",153160270,16.3682767532974,53.6171504170478
"388",153160070,16.4958841497864,53.4659734084155
"389",153160190,16.7486925288146,53.2571137322952
"390",153160110,16.6126941976759,53.2718086958813
"391",153160060,16.3050337382976,53.2632494841419
"392",153160230,16.8009080588191,53.2235311265123
"393",153170160,17.2168148525109,53.2779775121239
"394",153170020,17.1280301682966,53.2663913754676
"395",153170150,17.131618250005,53.2686453937953
"396",153160130,16.6332349215867,53.0944115492061
"397",153160280,16.3593230285744,53.0303192534942
"398",153160030,16.1943592019452,53.6018661109706
"399",153160040,16.2264525880931,53.5611751541931
"400",153169998,16.0956806522869,53.5908571608899
"401",153169999,16.0743150526089,53.5731992631328
"402",153150120,15.8103495854556,53.5281734041264
"403",153150140,15.9389784552226,53.4557646812531
"404",153150110,15.7741373416575,53.3499708469893
"405",153150100,15.7633528278024,53.2175006200138
"406",153159997,15.9396442571927,53.0405201686028
"407",152150240,15.9777744924256,52.8856177760725
"408",153160010,16.0393507001305,53.5925491719164
"409",153150130,15.8289631208952,53.2847083929257
"410",153150180,15.989348894726,53.1231185195217
"411",153150160,15.9836097051335,53.0910041855775
"412",153150150,15.9584980837811,53.0542016776471
"413",153150170,15.9871709735552,53.0930061329319
"414",152150150,15.6939209242223,52.9427093603135
"415",152150180,15.829570498009,52.9559994276567
"416",152150230,15.9481819633297,52.8262832413613
"417",152150280,NA,NA
"418",152150030,15.1863143014434,52.6004010533995
"419",152159999,15.0104274075038,52.5828647293303
"420",152140120,14.8623552097018,52.9216481826553
"421",152140100,14.8317898542418,52.7994089572953
"422",152140040,14.4674235164908,52.7566642001055
"423",152140280,14.416983917933,52.8725014711534
"424",152140030,14.3894809250538,52.868994204462
"425",152140270,14.3960563606881,52.861288338178
"426",153149999,14.5212345559726,53.2255668670158
"427",153159999,15.0770798125157,53.1417145630935
"428",153140110,14.9377701169811,53.1978044568178
"429",153149998,14.9148212204295,53.3509996382588
"430",153140200,14.9163888888889,53.3513888888889
"431",153140100,14.8631496600017,53.2773316053801
"432",153159998,15.5356192936189,53.2606741835538
"433",153150010,15.0404959842286,53.3521264085094
"434",153140090,14.8263286739671,53.5630675130906
"435",153150060,15.5453646703389,53.4390635466598
"436",153150020,15.1461353221003,53.2087638712381
"437",153150040,15.1725836544275,53.3822202100739
"438",153140080,14.7491169742461,53.6662189159358
"439",153140060,14.6161311610598,53.8383258448812
"440",153150090,15.7308246585548,53.750230011361
"441",153150080,15.6132513038679,53.6290009460864
"442",153150050,15.3960356183138,53.7728408205813
"443",154150010,15.2639527648786,54.0642931903789
"444",153150030,15.1687112823073,53.66009577429
"445",153150070,15.5646336228593,53.9989851573378
"446",154159999,15.423145122025,54.092655712195
"447",154150020,15.3990987742032,54.1514579247342
"448",153160080,16.4963334063386,53.7794463292008
"449",153169997,16.4408634392578,53.7844916928578
"450",153160020,16.0653272947606,53.9007780098394
"451",154150050,15.976206103163,54.0033244156156
"452",154150040,15.7142119708826,54.0919522146748
"453",154160080,16.6175778791382,54.0399126270546
"454",154169999,16.5828870341092,54.0515402611366
"455",154160020,16.1168476939363,54.0624892607888
"456",154159998,15.8866306699835,54.0419894651365
"457",153160240,16.8130933854991,53.9822881430349
"458",154169998,16.6091836981115,54.0474197692213
"459",154159997,15.9069279625643,54.2062505386463
"460",154160010,16.0873080167466,54.265919324153
"461",154160030,16.1885931690202,54.1854212889259
"462",154160040,16.2842691393668,54.2226000427143
"463",154160050,16.3235496117441,54.370613619046
"464",154170040,17.1304696139698,54.0852125350673
"465",154169994,16.9666286696532,54.1535504007724
"466",154160120,16.8785865584653,54.2805954783197
"467",154169997,16.6884296784859,54.3654918105082
"468",154160070,16.6060759824546,54.4422234788479
"469",154179999,17.1328208674332,54.0812993690784
"470",154169995,16.9656694381464,54.1507799881575
"471",154160130,16.9024520578163,54.1660861856134
"472",154160100,16.7698497658514,54.4572494231476
"473",154169996,16.6915015355161,54.1210394167576
"474",154160090,16.7233672858596,54.2428700653074
"475",154160060,16.4372061120385,54.2982976850636
"476",154170170,17.7773125047732,54.3163641266121
"477",154170120,17.5786635094591,54.2502919309359
"478",154170070,17.3036440300808,54.2881595177317
"479",154170010,17.0311154880961,54.4699431670697
"480",154160140,16.9275814435054,54.5460242056761
"481",154179992,17.818562316231,54.2257043023382
"482",154179996,17.5186473282989,54.1967042173605
"483",154179997,17.3356700856034,54.2055859783391
"484",154170030,17.1186104227681,54.3649819761911
"485",154170020,17.0454803584503,54.4185902469495
"486",154170140,17.6115776109518,54.2915368490177
"487",154170230,17.5991773407147,54.2630299176691
"488",154170150,17.620192762321,54.3324459071252
"489",154170080,17.415776184782,54.41920424063
"490",154179998,17.3256948375598,54.52922430737
"491",154170060,17.2143483988311,54.6617874049199
"492",154170050,17.1671573973522,54.6400632876726
"493",154179994,17.6216702881458,54.3777743195209
"494",154180020,18.0296756594655,54.4402246177795
"495",154179993,17.7546703339904,54.5437126660508
"496",154170160,17.747083843009,54.5419609738469
"497",154170110,17.5637751930293,54.6545152517126
"498",154170090,17.4231103408,54.6807048526064
"499",154170210,17.3574622260133,54.6840189978571
"500",154170220,17.5155137907649,54.7528574402302
"501",154170130,17.5969282948753,54.4889723354933
"502",154179995,17.5754210636398,54.7607864493309
"503",154180050,18.1535874061907,54.6911164379365
"504",154189999,18.001888935878,54.7855656508163
"505",154189996,18.4106572287388,54.6637338837554
"506",154180030,18.1036445221836,54.6504474144999
"507",154180080,18.2259203194276,54.6142877011604
"508",154189997,18.1164491240927,54.5332438057043
"509",154180070,18.1687994000634,54.611873098838
"510",154189993,18.5324061027428,54.4861507856262
"511",150160040,16.2443963324295,50.4313390133789
"512",149180200,18.9256538917601,49.6076236597418
"513",149180180,18.9355597877867,49.6183155500924
"514",149180160,18.9180048890351,49.6191212098601
"515",149180140,18.8968822551816,49.6327643069186
"516",149180110,18.8494527321745,49.6806739366229
"517",149180100,18.7915680389769,49.8031030667552
"518",149180080,18.7492590092931,49.8860450228289
"519",149180190,18.9317812042108,49.9350805966746
"520",149180210,18.9349500898414,49.9256514428278
"521",149180240,18.9851861091385,49.9317097959766
"522",149190060,19.1217455080747,49.9725511938837
"523",150190140,19.1934506450416,50.0647092930888
"524",150190170,19.2365493027236,50.0631746221794
"525",150199992,19.272804438252,50.0474164423003
"526",150190230,19.2950572362187,50.0572625538069
"527",150190360,19.3823453727971,50.0355706998732
"528",150190260,19.4607900324223,50.0312181750698
"529",149190230,19.6630582084441,49.9817231446813
"530",150199986,19.8013661750262,50.0204414939451
"531",150190340,19.8433064041473,50.0402968428131
"532",150209996,20.1121215258047,50.0430472451474
"533",150200060,20.4568469945173,50.1317573973979
"534",150200100,20.5493626060626,50.1411720040451
"535",150200130,20.6819904732401,50.2003243795266
"536",150200150,20.7753340133403,50.276118745301
"537",150210020,21.0773544449403,50.3268410456519
"538",150210150,21.5113646602172,50.505146997826
"539",150210170,21.7468925810858,50.6727307949297
"540",150210190,21.8627478576717,50.8059456597289
"541",150210180,21.8335008956061,50.886405933341
"542",151210170,21.9478303097755,51.4210084907418
"543",151210190,21.9453634453502,51.4457792253314
"544",151210120,21.8259796355753,51.5625320850434
"545",151210050,21.2543810667639,51.8925007662221
"546",151210210,NA,NA
"547",152210040,21.1040234374998,52.1928248131306
"548",152210010,21.0318983875741,52.2473962155249
"549",152210170,21.0208333333333,52.2472222222222
"550",152200110,20.6596961069226,52.4303422218516
"551",152200150,20.4227777777778,52.3938888888889
"552",152200030,20.191932747141,52.3848394252542
"553",152190120,19.9627625719301,52.4317082808042
"554",152199995,19.6939745240883,52.5368405687057
"555",152190030,19.0695009632511,52.6628334076444
"556",152189993,18.7337126407179,52.9275758874327
"557",153180090,18.6076215275837,53.0077807883911
"558",153180020,18.1703371467256,53.1462945885257
"559",153180080,18.4165402756427,53.3686185504856
"560",153180100,18.7449324173344,53.4901381545817
"561",153189995,18.8831668414435,53.9136751946671
"562",154180150,18.8017887672144,54.0960649444167
"563",154189992,18.9017632801444,54.1980851174163
"564",154180220,18.9493920053305,54.2669470043392
"565",154180190,18.9239215676811,54.308579799548
"566",154180200,18.9357671710981,54.3364222775687
"567",154180210,18.9438196205632,54.3530082936303
"568",153189994,18.8843105420232,53.915018965017
"569",154190040,19.2997066522055,54.2525994752838
"570",154189991,18.9534003132366,54.2669459850881
"571",154190020,19.1386188092882,54.2840680344815
"572",154180160,18.8159491295437,54.34630647139
"573",154180170,18.7252849165858,54.3075068667668
"574",154180180,18.7320434980969,54.2316758307444
"575",149180120,18.8524205307991,49.7724601829455
"576",149180170,18.9252879046681,49.6738661256975
"577",149180150,18.9026399639782,49.7202310248276
"578",149180250,18.986455869513,49.9132682102768
"579",149180230,18.9701945945689,49.892640233177
"580",149190030,19.0737791563777,49.7795824468528
"581",149199999,19.0459607001446,49.8098750187597
"582",149190010,19.0301574015852,49.8910609257965
"583",149180090,18.7691280394018,49.9986798290168
"584",149180220,18.9451974535477,49.9796538980188
"585",150199999,19.0737145106691,50.0225819031995
"586",150189990,18.9885484818193,50.0060552409965
"587",150190020,19.0032356865705,50.0008827580423
"588",150190040,19.0781857247074,50.0364222277807
"589",150189989,18.9953676088369,50.0928280403961
"590",150190060,19.1068423615668,50.0613686747924
"591",150190050,19.0884662978002,50.0930799313676
"592",150190190,19.2538021750353,50.4835038496655
"593",150190120,19.1775086037302,50.4277386060488
"594",150190130,19.1856594987229,50.3506463628306
"595",150199996,19.1267052699802,50.3252626579918
"596",150190080,19.1398724370533,50.2608742366289
"597",150190180,19.240033985322,50.1608898171865
"598",150199994,19.2310212714352,50.1025329792063
"599",150190210,19.273196428291,50.4529957035156
"600",150190090,19.1588149782247,50.3315729891258
"601",150190010,19.0002712175967,50.4731405600254
"602",150180270,18.9724203111756,50.4130785855817
"603",150180260,18.9577128833085,50.3791986048118
"604",150190030,19.0720542064406,50.3003978994582
"605",150199997,19.1132125922879,50.2718278719407
"606",150190070,19.1363816872123,50.2594827513845
"607",150199998,19.0886936380001,50.2657727451149
"608",150190270,19.6027403156367,50.3617281135903
"609",150199988,19.4621176856626,50.3444438548366
"610",150190250,19.3989063627992,50.2991496743251
"611",150199993,19.2714541945174,50.2575058641247
"612",150190100,19.1606352546723,50.2358381699286
"613",150199990,19.3611307729945,50.2639990140304
"614",150199991,19.2946475981248,50.2427286198181
"615",150190110,19.169049311304,50.2427416228324
"616",149199998,19.0576569427106,49.4898832796938
"617",149190050,19.116052000472,49.5136915166408
"618",149190080,19.1482398444531,49.6244309170355
"619",149190100,19.1934207325023,49.6859475767203
"620",149190110,19.2015037646205,49.7882928530311
"621",149199994,19.2135056575504,49.8121845020857
"622",149190120,19.2278805621817,49.8482851469297
"623",150190160,19.2185380123824,50.040067917713
"624",149199996,19.0919647505639,49.4996623088472
"625",149190040,19.1170132843742,49.492623230542
"626",149199995,19.1474920745597,49.4568062888306
"627",149190020,19.0698538295327,49.5679377728568
"628",149190090,19.1802987748825,49.5644868052723
"629",149199997,19.0768921949543,49.6653372064413
"630",149199993,19.3292353013387,49.6508801383462
"631",149190150,19.3051915516842,49.6584413783829
"632",149190070,19.1355596784709,49.7273101257492
"633",149190140,19.2654992352482,49.712785729508
"634",149190130,19.2614487156534,49.7282910264289
"635",150199989,19.362399750622,50.0565158564577
"636",149199990,19.7887149974018,49.5727367174558
"637",149190290,19.8304183279354,49.6363895939373
"638",149190260,19.7431416226871,49.6843105048079
"639",149190210,19.6091736637516,49.739178336604
"640",149190180,19.5107662558486,49.8769286403249
"641",149190170,19.4454900828436,49.9986674455214
"642",149199991,19.7838608235296,49.6485088168184
"643",149190190,19.535550979844,49.6408056335722
"644",149190220,19.6637661006533,49.6861125291136
"645",149190200,19.6007343731511,49.7434354397359
"646",149199992,19.3740962913968,49.8289606269974
"647",149190160,19.44250622299,49.961679755168
"648",149190270,19.808800268238,49.9400465231408
"649",150199985,19.8071331215632,50.0368662890442
"650",150199987,19.6557885358651,50.1292184128957
"651",150190310,19.8069106634519,50.0930383991918
"652",149190330,19.9459340393274,49.9723026867492
"653",150190330,19.8310381739632,50.1957494654753
"654",150199984,19.9656461954419,50.0730832680106
"655",150209997,20.0310087405334,50.0942448303262
"656",149199986,19.9458080421589,49.6080206663652
"657",149190340,19.9481358340601,49.6131339418762
"658",149200060,20.0591541591119,49.6579375791254
"659",149200040,20.0327265559089,49.7047040360767
"660",149190310,19.9246786313357,49.796274044022
"661",149200090,20.0858527696337,49.8834838599437
"662",149209993,20.2099864691687,49.9009860901134
"663",149200170,20.4322993524444,49.9960574460784
"664",149199985,19.9515852818694,49.6071803286023
"665",149200080,20.080664453822,49.6746877717366
"666",149209997,20.0875757236749,49.6263725240822
"667",149209998,20.0371761397659,49.7128975009811
"668",149190370,19.9774143113008,49.7197199445569
"669",149190350,19.9555625722717,49.7375582249356
"670",149209994,20.1322264259443,49.8746582219636
"671",149209996,20.1141194747073,49.8220641198985
"672",149209992,20.3033024755501,49.8653241697638
"673",149200130,20.3084150086667,49.9204897976402
"674",150200070,20.5002695796987,50.1773240154004
"675",150200140,20.705144840111,50.0648733224721
"676",150209993,20.3979821840254,50.3289797537711
"677",150200110,20.5935111034428,50.2217759675312
"678",150209994,20.210704221506,50.3886683784117
"679",149199989,19.8323238756079,49.3112856537289
"680",149190280,19.8182171912412,49.3957648841574
"681",149200030,20.0311098126638,49.4844918666911
"682",149200050,20.053642400953,49.4868802856565
"683",149209991,20.3233792825174,49.4227629692877
"684",149200140,20.356590965056,49.3987519248609
"685",149200160,20.4291807484579,49.44154100207
"686",149200190,20.570583751112,49.5504565044602
"687",149200240,20.6867500731838,49.6269747457388
"688",149200210,20.6515560733154,49.7214453047749
"689",149209985,20.6844304794554,49.7705035826395
"690",149200230,20.6817372090102,49.8150184016768
"691",149200280,20.8794275663274,49.9743866490638
"692",150200170,20.8628010280346,50.1316744538594
"693",149190300,19.8680510030137,49.2756702189526
"694",149190360,19.9752291704097,49.4685236940114
"695",149190390,19.9867649011067,49.4588985637293
"696",149199987,19.918286630571,49.3438087662635
"697",149199988,19.8862066597599,49.3921952884539
"698",149190380,19.9769850903913,49.3156817160054
"699",149200020,20.0260123104571,49.4249704918156
"700",149190320,19.9352668413642,49.2758923892359
"701",149199984,19.9815009367546,49.2700248528721
"702",149209999,19.9980819279037,49.2833268790171
"703",149200010,20.0033063393822,49.3368891017946
"704",149200100,20.114843285407,49.2634979698968
"705",149200110,20.1187891973942,49.4183181963651
"706",149209995,20.1258452628549,49.4149315837888
"707",149200070,20.0717041900959,49.2008034762103
"708",149200120,20.3022697671817,49.4113260221128
"709",149200180,20.492460462079,49.42054460332
"710",149209989,20.4031274424581,49.4380826394145
"711",149200150,20.3869241573092,49.5174491649252
"712",149200300,20.8920281689949,49.3386765490812
"713",149200290,20.8852171014126,49.3501216355663
"714",149209983,20.7220183341684,49.427496919521
"715",149200220,20.6601110368151,49.5676929640152
"716",149209981,20.8958484578664,49.3581694947433
"717",149209980,20.9553033457737,49.4080085759978
"718",149209984,20.7049245912211,49.4344402711952
"719",149209986,20.6648185605226,49.4888310500477
"720",149200270,20.8593682891139,49.5265044471042
"721",149200250,20.695954604613,49.6251521921951
"722",149209982,20.7461784863656,49.5804750016325
"723",149200260,20.7042097306556,49.6355732073924
"724",149209988,20.6367770937301,49.6673663359125
"725",149209987,20.6405763462011,49.7134185917832
"726",149209990,20.3455024962375,49.749386418846
"727",149200200,20.6293640334066,49.739050318633
"728",149219999,21.0294838279456,49.5353524030544
"729",149200310,20.9456923172222,49.623859773627
"730",149200330,20.9733014946652,49.7920255179492
"731",149200320,20.9493143995418,49.9972412757629
"732",150200010,20.2854978988996,50.7276879280023
"733",150200030,20.4132740867283,50.7418846998097
"734",150200080,20.5204071834955,50.5141524742539
"735",150209991,20.6651810255119,50.3424735370145
"736",150200020,20.3119703476968,50.8023849007413
"737",150200160,20.8130008181573,50.8008200259686
"738",150200120,20.6160840923292,50.750249501321
"739",150200040,20.451656586226,50.7739014674994
"740",150209988,20.7909333593321,50.9038395614106
"741",150209990,20.7243231966898,50.868608460368
"742",150209989,20.734518332525,50.8174518014898
"743",150200090,20.5360650184148,50.832879719368
"744",150209995,20.1763928836585,50.5870513973359
"745",150200050,20.4565267195856,50.4917276939466
"746",150209992,20.4620147781629,50.5050225554141
"747",150210070,21.2308809992481,50.2994996185476
"748",150210010,21.0287241266969,50.676088413052
"749",150210060,21.1729530774237,50.556328012366
"750",150210100,21.284445900757,50.434740420784
"751",150219999,21.1627140819918,50.7230654913562
"752",150210030,21.0812898336024,50.6709159785515
"753",150210050,21.1660323339569,50.4624953680597
"754",149210090,21.4832338438809,49.5154382410885
"755",149219997,21.4925785291539,49.5048455919625
"756",149219996,21.5243040276999,49.6091069112134
"757",149210070,21.4596641747367,49.729278410476
"758",149210050,21.412968816383,49.7714390645999
"759",149210040,21.310025990722,49.9877101139624
"760",150219994,21.4692373337179,50.1052739080766
"761",150210130,21.4650733614824,50.143232140628
"762",150210120,21.4304894528392,50.2788640492794
"763",150219996,21.3977593234727,50.2845531123126
"764",149210010,21.0462356804448,49.5857040106084
"765",149210030,21.2168101090559,49.7010070792733
"766",149210060,21.4435499739828,49.725110755574
"767",149210020,21.1701261838485,49.65471076771
"768",149219998,21.2970586527652,49.7595183806503
"769",149219994,21.7325120647337,49.4661566534393
"770",149210100,21.6981915523448,49.5738891024394
"771",149219995,21.6378361167552,49.7096594175516
"772",149210080,21.4727443059682,49.7501682337507
"773",150210110,21.3104747005553,50.0493859958481
"774",150219998,21.3412709607181,50.0497497296445
"775",150210140,21.4865312953552,50.1066752032932
"776",150219993,21.522118824829,50.457892991878
"777",150219997,21.3477042710388,50.7252320362601
"778",150219995,21.4422072194867,50.6556269462764
"779",150210160,21.5732143186882,50.5957690487527
"780",150219988,21.9865343013198,50.287521804769
"781",150219989,21.9232816123686,50.3455040886928
"782",150210200,21.911882781038,50.5755763801973
"783",150219990,21.8977413303395,50.6230276949063
"784",149220150,22.6329809993445,49.2184825081761
"785",149220130,22.5631562644654,49.2347756941231
"786",149220120,22.4528141147815,49.3951346208034
"787",149220090,22.4070973097113,49.4305152311246
"788",149220060,22.3221045607051,49.4692573130741
"789",149220030,22.2200534062605,49.5503083991448
"790",149220040,22.2440690768811,49.7994034522415
"791",149220190,22.767382531562,49.7848291169037
"792",149229993,22.8924167593254,49.8977696989389
"793",149229994,22.8451638677014,49.9560234745296
"794",150220100,22.7026050316368,50.0213739311853
"795",150220090,22.6034369476703,50.1403022133582
"796",150220070,22.5019280249722,50.2471332296015
"797",150229997,22.2518566792492,50.450800163165
"798",150220030,22.1930915720767,50.5197494743771
"799",150210210,21.9305615598636,50.6735334660746
"800",149220180,22.6836234145185,49.18574746322
"801",149220140,22.5739866741492,49.3023060503072
"802",149220080,22.3328220943136,49.2132894981532
"803",149220100,22.4287791706744,49.2995406662239
"804",149220110,22.4290153290209,49.1889260820734
"805",149220070,22.3280073369823,49.4232093344129
"806",149220020,22.1502903017938,49.4036317534462
"807",149220050,22.2685245346486,49.5133445177968
"808",149229995,22.4332935548595,49.6653670944757
"809",149229997,22.4902739048918,49.7566173856014
"810",149220160,22.6403564487093,49.6538619874498
"811",149220200,22.8228751439863,49.767116801163
"812",149220210,22.916721623975,49.9377421753871
"813",149230020,23.1221429438731,49.9851304157167
"814",150220140,22.9392424858256,50.0037637808295
"815",150239998,23.1283999392247,50.1546280787936
"816",150220130,22.8901620440449,50.1008030891422
"817",149210150,21.9067326389147,49.4905618763246
"818",149210160,21.9303131021875,49.5670954355202
"819",149219993,21.9529262121648,49.5867593796601
"820",149210110,21.7747473962553,49.6938443815155
"821",149210130,21.8182018783324,49.8779622212894
"822",150220010,22.0153223368124,50.0389976462487
"823",150229998,22.2327543499988,50.1144580769882
"824",150220080,22.5469645103978,50.1623822056038
"825",149210170,21.9899589067584,49.4934039553319
"826",149220010,22.070817617961,49.5668188276874
"827",149210140,21.8646443808823,49.6771777745433
"828",149210120,21.8119547241507,49.848297933216
"829",149229999,22.3359633744155,49.9265465515997
"830",149229998,22.4201771720427,49.9797073429892
"831",150220060,22.4869572580359,50.0848540446436
"832",149229996,22.5374069937397,49.9847314236482
"833",150229994,22.5618459570283,50.3002704199227
"834",150229995,22.5233006892258,50.2835249599396
"835",150229993,22.6161402243872,50.3154965114293
"836",150220040,22.347251619486,50.3272618419525
"837",150220160,22.9553227656937,50.3986597333327
"838",150229992,22.7448787012028,50.4336027113476
"839",150220050,22.4736363113419,50.4775235716042
"840",150239999,23.0866315807716,50.291256048415
"841",150220110,22.7149086535767,50.5421360119683
"842",150229991,22.7883919241918,50.5080489602826
"843",150220020,22.1392670300035,50.5972960487271
"844",150229996,22.5172094638461,50.5974496502511
"845",150219991,21.7904655264663,50.7372027984731
"846",150229999,22.049099012783,50.7613011767644
"847",151210130,21.8774692863749,51.0140506427291
"848",151200100,20.8557782873601,51.1035816236819
"849",151210010,21.0184458797284,51.076076533068
"850",151210020,21.1013828948406,51.0120091170638
"851",151210040,21.2029443658692,51.0213927180088
"852",150210090,21.2794702294831,50.9614471700557
"853",150219992,21.5444298284961,50.9036881818196
"854",151210090,21.6815635529455,51.0333382721587
"855",150210040,21.0920508525305,50.9731638789493
"856",150210080,21.2415888110373,50.9787802997595
"857",150210220,21.1474521491003,50.9083255175707
"858",151219998,21.2391406409002,51.1627931551468
"859",151210080,21.4657324929979,51.2733597797923
"860",151219996,21.5816951163781,51.2527603447218
"861",151220030,22.0291960803516,51.3349363306017
"862",151229998,22.2258117161841,51.2581531608701
"863",151220040,22.084796687711,51.4095565489652
"864",151229999,22.0520341084671,51.4120297048617
"865",150220170,22.9666114104091,50.6111628775041
"866",150230080,23.020383830934,50.7341153458641
"867",150230010,23.041168193855,50.8086461957752
"868",150230020,23.098958836765,50.8662424598699
"869",150230040,23.1761552925644,50.9854228972781
"870",151230010,23.0014513725239,51.1384661305005
"871",151229995,22.879962930642,51.3089207946452
"872",151220090,22.6436358383844,51.4983657720731
"873",151220010,22.0012666064064,51.5729950494994
"874",150220120,22.8598867819322,50.7574563094238
"875",150220150,22.9437655901536,50.7762714932508
"876",150229989,22.9907831666496,50.7792997378133
"877",150229990,22.9542341881592,50.7718678517313
"878",150230030,23.1042577010696,50.8024668548477
"879",150230050,23.1962100374494,50.915264140663
"880",150230060,23.2684616908211,50.9371179557918
"881",151220130,22.9452563145789,51.154849177739
"882",151239999,23.0545031778402,51.2375703474686
"883",151220140,22.9750856731896,51.305580554583
"884",151220070,22.5422307438787,51.2177564399102
"885",151220100,22.6885291559697,51.3013814552809
"886",151229996,22.8492111678825,51.4941549064929
"887",151220110,22.7781930449484,51.6431293017614
"888",151220080,22.5563816834792,51.6795434800016
"889",151229997,22.7794727384648,51.6039444165483
"890",151239998,23.0707653924965,51.5217014410599
"891",151220120,22.9079068304562,51.6475067792747
"892",151229994,22.9054361627273,51.6344720796639
"893",151220060,22.5319222103931,51.721449193401
"894",151220050,22.3866184368174,51.5428804733938
"895",151200110,20.8881590216414,51.4573208061139
"896",151210060,21.3579379995048,51.6354477923463
"897",151210030,21.1845914073081,51.478693787586
"898",151210110,21.7560289332191,51.6733089300694
"899",151210160,21.9342951159766,51.8370050571189
"900",151210100,21.7517741429223,51.9162154262717
"901",151210070,21.4502498151023,51.8617806916217
"902",151219997,21.384341770564,51.849734411372
"903",151220020,22.0199284077214,51.8138556924134
"904",151210180,21.9672081719577,51.8386960769593
"905",151210140,21.8840820751793,51.804706629838
"906",151210150,21.8832577251244,51.8197361754978
"907",150190320,19.8207941183474,50.6268952867852
"908",150190280,19.6835428274514,50.7496147416889
"909",151190090,19.8751466320543,51.0892767705087
"910",151190100,19.8859182615775,51.3425629717161
"911",151199997,19.8823780786508,51.355333070588
"912",151209998,20.0223937969511,51.5123548674322
"913",151209997,20.0398315561885,51.528899475064
"914",151200020,20.1341355337877,51.5371249397105
"915",151200090,20.5731804320175,51.6091861763936
"916",151200120,20.9517378365292,51.6574041023807
"917",150190290,19.7886689202141,50.6263523133516
"918",150190300,19.791672591674,50.6216618683493
"919",150209999,19.9984431763518,50.9334861901319
"920",150190350,19.9599566154794,50.9415135893697
"921",150209998,20.023673432489,50.8579555495464
"922",150199983,19.9851213327941,50.9270100126635
"923",151200060,20.4727786280349,51.1320369099119
"924",151190120,19.9716948643745,51.3138267921276
"925",151200070,20.4749784156485,51.1288590620804
"926",151190080,19.781340163665,51.3491014076832
"927",151190110,19.9426379598057,51.5298219088223
"928",151209999,20.0189599796006,51.5496255094849
"929",151200040,20.3007590086831,51.3814920361934
"930",151200080,20.5626171801247,51.5193680397429
"931",152210070,21.3312328605237,52.1393030860233
"932",152219994,21.2795866386305,52.1536839715281
"933",152219998,NA,NA
"934",152210020,21.0394264839141,52.0637474063005
"935",151219999,21.0858119290296,51.9122153473868
"936",152230120,23.7574761915674,52.9411382373414
"937",152230110,23.7489076888795,52.9403980985702
"938",152230090,23.5225813317255,52.9160294897844
"939",152230040,23.2326373483528,52.90231221305
"940",152220080,22.955,52.9488888888889
"941",153220270,22.9424094942467,53.1542476797366
"942",153229994,22.9609362948397,53.1636671963403
"943",153220130,22.5385574426901,53.2196448516013
"944",153220070,22.4086721603839,53.2013878817271
"945",153220010,22.0932805293237,53.1934240167341
"946",153210210,21.864119838779,53.226302008671
"947",153210090,21.5642013015024,53.0845352053245
"948",152219993,21.4049228321999,52.885516456366
"949",152210060,21.2049053084538,52.7558367945092
"950",152209992,20.9191387570953,52.4908884580668
"951",152219997,21.0948200495975,52.7019524794625
"952",152219999,21.0153269840044,52.4557808462531
"953",152200140,20.9107627306011,52.4908812900709
"954",152200130,20.8644185555914,52.4881380885673
"955",152230130,23.8790243413352,52.6900414395524
"956",152230190,23.8413709725225,52.7013128724804
"957",152230100,23.725719454495,52.8627577318131
"958",152230060,23.4256362468234,52.9390421249033
"959",152230030,23.1959027740836,52.8619900739969
"960",153230160,23.671961009135,53.0950792207253
"961",153230150,23.5443808845105,53.1602516458412
"962",153230170,23.5256774476826,53.1761580136468
"963",153230110,23.3384581617397,53.2126361862307
"964",153230010,23.0258746452312,53.1785372563791
"965",153239997,23.5294228071967,53.2109523801692
"966",153230140,23.4760812747765,53.2478198398663
"967",153239998,23.4673587017367,53.1400190219739
"968",153230080,23.1803526228084,53.2167217326721
"969",153230060,23.1065699031774,53.160222379955
"970",153220230,22.764743366367,53.2417775801309
"971",153220180,22.6734647618358,53.1569390764751
"972",153230070,23.116341355631,53.6717351498766
"973",153220260,22.9303805040892,53.609695245528
"974",153220250,22.9070081215508,53.5534351613078
"975",153220170,22.6389501005674,53.4827878684377
"976",153220100,22.4594421474493,53.273255077937
"977",153220030,22.2474705779589,53.0780794759019
"978",153230130,23.4486682875845,53.6626540410599
"979",153230100,23.2112894656116,53.7402446607736
"980",154220070,22.6154078357423,54.2051114656615
"981",153220240,22.7862782238764,53.9908240010073
"982",153220300,22.9849242267203,53.8472624148201
"983",153239999,23.0082450609097,53.8365814731927
"984",153230030,23.0805833184514,53.8325063455763
"985",153220280,22.9682570344999,53.8038595667125
"986",154229997,22.6738508729652,54.1452401560016
"987",154229995,22.7942303176167,54.0726599448565
"988",153220290,22.975295468071,53.9059772662165
"989",153230050,23.0924950410905,53.8664205184725
"990",153230040,23.0911627433334,53.8675847466258
"991",153230020,23.0398895156727,53.5901239804195
"992",154220060,22.5060078486935,54.04121639846
"993",153220110,22.4673733301388,53.8796178103293
"994",153220120,22.4729476710278,53.8222879276537
"995",153220150,22.5961437272428,53.7820187243424
"996",153220190,22.6996858970149,53.7329380072505
"997",153220320,22.6831074279759,53.8179698186859
"998",153220200,22.7019363548031,53.7305734971171
"999",153220210,22.7462566981131,53.7264456016008
"1000",153220220,22.749482790021,53.6833722977401
"1001",154220020,22.170343124059,54.0999691799368
"1002",154220030,22.2222413539677,54.0217752343953
"1003",153220040,22.3099796808412,53.9013275732011
"1004",153220060,22.3831135371147,53.832272502262
"1005",153220050,22.3443854398607,53.8205977183895
"1006",153229995,22.4208605143726,53.7169863233099
"1007",153220080,22.4391454651824,53.70048042875
"1008",153220140,22.5869385205081,53.5550477517541
"1009",153220160,22.6265941777459,53.4865179222808
"1010",154229998,22.3898543190538,54.0747626078153
"1011",153229997,22.1736254719287,53.924541806222
"1012",153229998,22.1502760276668,53.9663928327
"1013",153229996,22.1907696153265,53.9308193676819
"1014",153220310,22.6400836429183,53.7115769858346
"1015",153220090,22.4460074469088,53.3782116442389
"1016",154210090,21.7608066421547,54.0361354757597
"1017",153210150,21.7118023658421,53.9173431111014
"1018",153210110,21.5886608012766,53.7888443338173
"1019",153210130,21.6568006588548,53.7254622489097
"1020",153210200,21.8235848794587,53.6504339081219
"1021",153210250,21.7862752694238,53.6838620635354
"1022",153210260,21.8870449364325,53.6959940833397
"1023",153210190,21.8060692098853,53.6241268039249
"1024",153219991,21.8692843476991,53.4874556390181
"1025",153210170,21.7924345793552,53.3933811485218
"1026",153210220,21.8667215925035,53.2849531773227
"1027",154210040,21.5689404956236,54.0497503586612
"1028",154219997,21.6461667941872,54.0113572992822
"1029",153210100,21.5670586663727,53.6442804026832
"1030",153219998,21.1433574701659,53.8499898903226
"1031",153219997,21.1941252789255,53.8038311555453
"1032",153219996,21.2494661569504,53.6909453305781
"1033",153210050,21.3482372882815,53.6085315861092
"1034",153210060,21.3965695424058,53.6523345355408
"1035",153219994,21.4283445406881,53.6872547031027
"1036",153210080,21.4998733272096,53.6883460751817
"1037",153210240,21.9687654669734,53.8039211546797
"1038",153210230,21.9229588646346,53.8057082280641
"1039",153220020,22.1645117403728,53.8242442619188
"1040",153219988,21.9952171607511,53.670804145997
"1041",153229999,22.0027733299337,53.6640620885369
"1042",153210160,21.757810279865,53.5623054968895
"1043",153219990,21.896960223071,53.3010030984663
"1044",153219989,21.9376945762451,53.403130880943
"1045",153210180,21.8004612291105,53.1479432421375
"1046",153219993,21.474654172239,53.3705679456636
"1047",153219992,21.6603784530225,53.2134709181592
"1048",153210140,21.6858345696585,53.1801502993429
"1049",153210040,21.3403812283178,53.386657731588
"1050",153210120,21.6192035400196,53.1472614659292
"1051",153200080,20.5564848921972,53.4943265171935
"1052",153209992,20.9439848135775,53.3967181282602
"1053",153210010,21.1075026705328,53.3090564487316
"1054",153219995,21.3589358672475,53.183636695947
"1055",153210070,21.4788573195911,53.1084368489347
"1056",153209993,20.8782166442597,53.7315587223696
"1057",153200150,20.9100108239768,53.6292313045942
"1058",153200160,20.9441273733295,53.4015489945868
"1059",153219999,21.0760143498286,53.6108807652773
"1060",152210100,21.5366104462998,52.883238843719
"1061",153210020,21.15340319897,53.0350091770906
"1062",152210030,21.1068966713378,52.8590613132823
"1063",150240020,24.0622372373158,50.6776739756791
"1064",150240010,24.0358275860376,50.8396969387441
"1065",151230060,23.80796536223,51.1847898701964
"1066",151230040,23.5664262215278,51.5516816760428
"1067",152230080,23.4982071795126,52.1471305858552
"1068",152230200,23.0488888888889,52.3255555555556
"1069",152220050,22.5608958933297,52.414672679853
"1070",152229999,22.0156473069936,52.6740265811503
"1071",152210090,21.4530893836914,52.5883138575995
"1072",152210150,21.1755555555556,52.5280555555556
"1073",150239997,23.7714904254022,50.755930802242
"1074",150230070,23.8069229631096,50.7777287144561
"1075",151239992,23.780035587005,51.1024745426773
"1076",151230050,23.5846937257253,51.256852309731
"1077",151239996,23.428432051998,51.4990226950108
"1078",151230030,23.5225271519003,51.5212733483206
"1079",151239995,23.481159006524,51.4566185862024
"1080",151239993,23.5474383569758,51.4687154955012
"1081",151239994,23.5218361780992,51.496988290438
"1082",151230080,NA,NA
"1083",152230020,23.0543397357628,52.017903376905
"1084",152230070,23.46685432165,52.1033578437401
"1085",152239999,23.1201027659077,52.0780797429017
"1086",152230050,23.2974921937341,52.0095378950868
"1087",151230020,23.132386915175,51.8580014133539
"1088",151239997,23.2271777834001,51.9547419141645
"1089",152220060,22.7201640644259,52.3206420945231
"1090",152230010,23.0380520661678,52.6515408650616
"1091",152220070,22.8185125760644,52.7439003286013
"1092",152229996,22.9817020453974,52.5564973171012
"1093",152220030,22.3049932279354,52.5234734241384
"1094",152220020,22.2453851681652,52.7909118453179
"1095",152220090,NA,NA
"1096",152210130,21.9556803612467,52.7288197764875
"1097",152229997,22.4620192018448,52.1808037020485
"1098",152220040,22.3566333049414,52.2217671233314
"1099",152220010,22.0944567275786,52.2538582371135
"1100",152210120,21.6782486058553,52.5100829892905
"1101",152229998,22.2344678888193,52.151127051927
"1102",152210140,21.9776737365295,52.2013470509806
"1103",152210110,21.6561427400935,52.486715757446
"1104",152210160,NA,NA
"1105",152219995,21.1822164605282,52.4542258972989
"1106",152210080,21.3347627978608,52.4042254588854
"1107",152219996,21.1406632695589,52.3126676692044
"1108",152210050,21.1381340957883,52.3650538944761
"1109",153209996,20.1902190417683,53.2300917062616
"1110",153190160,19.8666256712075,53.0703612894636
"1111",152200020,20.1718522619047,52.9306140612684
"1112",152209996,20.4688018975301,52.6856409171476
"1113",152209995,20.62997907442,52.5762720223815
"1114",152200120,20.6654141565828,52.5616331575971
"1115",153200050,20.2464294143661,53.268980309404
"1116",153200020,20.1284893613488,53.0090308807333
"1117",153209997,20.1274925757917,53.0302334025063
"1118",152200100,20.4768438924466,52.7617583120979
"1119",152200060,20.3533287352173,52.7021892291154
"1120",152200080,20.4386953333077,52.6309385006029
"1121",152209994,20.6331271405482,52.65522234515
"1122",152199998,19.2053673553017,52.0597796204317
"1123",152190050,19.2179878653767,52.0623618242479
"1124",152190090,19.5537033680717,52.1336487357177
"1125",152199992,19.9604104472188,52.1099744797045
"1126",152200040,20.2327361975592,52.2300297788775
"1127",152200050,20.2689299767494,52.2618828600294
"1128",152199997,19.3502565732739,52.2325899150756
"1129",152190070,19.5037183796509,52.1674651725658
"1130",151190070,19.4431790708232,51.9972606010346
"1131",152190100,19.6502671609998,52.073390500425
"1132",152199993,19.7736784902996,52.0903219407006
"1133",151200010,20.0982490044644,51.8503312461964
"1134",151200030,20.188510336526,51.7473808924547
"1135",151209996,20.2624553673082,51.946675689506
"1136",152200010,20.1315335937838,52.1357599858991
"1137",151200050,20.3157937282843,51.8359109209276
"1138",152209998,20.1940850034039,52.1513623050217
"1139",152209997,20.2390873933624,52.1994966060694
"1140",152209993,20.6560952912325,52.2080227790229
"1141",152200090,20.4513789810005,52.2397502896769
"1142",152200070,20.3543855268056,52.322193217694
"1143",152209999,20.0649065508469,52.5256785326889
"1144",152199994,19.7222153287473,52.5822572393693
"1145",152190060,19.4924433007198,52.5078443713659
"1146",152190150,NA,NA
"1147",152190130,NA,NA
"1148",152190140,NA,NA
"1149",153190110,19.62517224096,53.0161990648105
"1150",152199996,19.652313686321,52.8890106913049
"1151",152190080,19.5409941103517,52.6538171260498
"1152",152190110,19.6710608180371,52.856195529618
"1153",152189992,18.916424894416,52.6476341598583
"1154",152189991,18.9763259047012,52.6453575972959
"1155",152199999,19.0022163000605,52.642494782974
"1156",152190020,19.0159970946341,52.6460106312847
"1157",152190010,19.0054508011232,52.5995871632137
"1158",152190040,19.1789209482402,52.8464092065444
"1159",152180130,18.691119606252,52.8977518283577
"1160",153200010,20.0339767785295,53.6723866309684
"1161",153190170,19.9587823341535,53.7024720814058
"1162",153190140,19.8052238556838,53.6691298170213
"1163",153190120,19.6594288437153,53.5222345385803
"1164",153190090,19.5893974053389,53.4220690613582
"1165",153190050,19.4003380158796,53.2557521742592
"1166",153199998,19.0538259790884,53.1116136444968
"1167",153180140,18.9291017019332,53.0609560156947
"1168",153209998,20.0810604185932,53.6885181548443
"1169",153199995,19.8115633057875,53.5845941494438
"1170",153190080,19.5557507969472,53.5977790381636
"1171",153190100,19.6142895188148,53.570525935967
"1172",153190150,19.8184438511841,53.2668021551536
"1173",153190130,19.6903955271529,53.4296561563433
"1174",153190180,19.4430818164122,53.3201234416677
"1175",153190070,19.4502976973459,53.3126852781947
"1176",153190190,19.4769290205726,53.2815470191509
"1177",153190060,19.4039314441117,53.0681476266154
"1178",153199997,19.102743561169,53.0437657418011
"1179",153189996,18.7953163300872,53.2774244729758
"1180",152189996,18.3022404370789,52.95733648881
"1181",153189998,18.4604019039748,53.0026480201755
"1182",153179998,17.2053679508156,53.8785548972081
"1183",153170030,17.219998321921,53.7723287357048
"1184",153170050,17.4104848423857,53.8143689603917
"1185",153170080,17.5088526079241,53.7373323576097
"1186",153170060,17.4982291525589,53.8591040593835
"1187",153170120,17.9035685246846,53.5731147769265
"1188",153179989,17.9378585285796,53.3094051986419
"1189",153170140,17.9622099225907,53.187829470623
"1190",153179999,17.0607919684497,53.9139221130272
"1191",153179997,17.3072239918731,53.9195763331133
"1192",153179996,17.4479518595513,53.8313324575408
"1193",153179994,17.6385862200417,53.9927557585598
"1194",153179995,17.5782930586259,53.9269363768345
"1195",153170070,17.5091920581723,53.8819362862505
"1196",153179990,17.8558433540504,53.4831508784886
"1197",153170110,17.8265222234408,53.4284966127898
"1198",153170090,17.5223405444641,53.4586253250251
"1199",154170180,17.8977227233031,54.0454344645972
"1200",153170130,17.9137044591419,53.9563205150723
"1201",153180010,18.092841298359,53.8413094383049
"1202",153180050,18.3477338499251,53.7024409657094
"1203",153180060,18.3808326389964,53.4891122990833
"1204",153189999,17.9998183646599,53.8735960909569
"1205",153189997,18.4895221998921,53.7186227990045
"1206",153180040,18.2494457749237,53.6253338819534
"1207",153190020,19.1355443625451,53.4485626368016
"1208",153180150,18.9494976504991,53.5161680834038
"1209",153189993,18.9484870965511,53.5166073950989
"1210",153199996,19.496976757693,53.5675730047601
"1211",153190010,19.0977834663423,53.4430414464372
"1212",153199999,19.0124415462821,53.5656813361717
"1213",154180010,18.0157647423833,54.0731544671925
"1214",153180030,18.2307872055545,53.9761225412024
"1215",154180110,18.4694571805336,54.0385854693188
"1216",153180110,18.7599802685398,53.8584046030278
"1217",154189995,18.4207096404276,54.0870478303024
"1218",153180070,18.3978029608151,53.9151500798658
"1219",154189994,18.5237718795773,54.1901059817559
"1220",154179991,17.9543174705297,54.206504164292
"1221",154170190,17.990842319271,54.2532765403457
"1222",154180230,17.9942675947253,54.2532395874068
"1223",154170240,17.9799079993249,54.2557026095933
"1224",154189998,18.0959837922569,54.3167131086568
"1225",154180040,18.1113100939343,54.2566947110001
"1226",154180060,18.1642413298516,54.263689140052
"1227",154180130,18.6048567840913,54.2557839875779
"1228",154180270,18.6302777777778,54.25
"1229",154180260,18.63,54.2533333333333
"1230",154190010,19.1130282441358,54.2141445735838
"1231",153190030,19.1993657894291,53.778856696613
"1232",153180130,18.9112887364222,53.7225788463925
"1233",153190040,19.3692985465512,53.966253454706
"1234",154190080,19.4313376259765,54.1050432528118
"1235",154190060,19.3878392860967,54.1725528955645
"1236",154190100,19.6598318980597,54.0706131133559
"1237",154190110,19.7120007503807,54.2600093781305
"1238",154190120,19.7203605436868,54.3200016586934
"1239",153200040,20.2065455739543,53.7362431869579
"1240",153200030,20.1962201903899,53.9179089842858
"1241",154209999,20.0382055257558,54.1062461714353
"1242",154190170,19.9508794589088,54.1948018651302
"1243",154190150,19.8489786717552,54.3011126941283
"1244",154190160,19.8487496486086,54.301121314713
"1245",154190140,19.8260107083428,54.3841507937644
"1246",153200060,20.4116296938308,53.6960420053889
"1247",153209999,20.0019045994824,53.9175806036149
"1248",154200020,20.1726574154244,54.1311316321392
"1249",154209998,20.1284041598231,54.117013753388
"1250",154200010,20.0476843230019,54.1857153469824
"1251",153200070,20.4716130490995,53.7560678011054
"1252",153209995,20.3985057917558,53.878732834661
"1253",154200030,20.3969663356291,54.0264255440733
"1254",154209996,20.8135357501208,54.2565143975919
"1255",154210010,21.0053011719076,54.2663026182473
"1256",153209994,20.4043062927269,53.63104517424
"1257",153200140,20.8574146855212,53.8552375047611
"1258",153200190,20.8690302385253,53.831528404016
"1259",153200180,20.8676720043707,53.9038109048013
"1260",153200200,20.8820339533909,53.9004684501559
"1261",153200170,20.8205725352786,53.815961702536
"1262",153200090,20.5757902365397,53.8346098759683
"1263",153200120,20.8101583501133,53.6335106704261
"1264",153200110,20.7567603902054,53.6355106870413
"1265",153200100,20.7003074695012,53.6688777631424
"1266",153200130,20.8488974403626,53.9780427942941
"1267",154209997,20.5886881556569,54.0155335500166
"1268",154200040,20.5505145944044,54.2192982962547
"1269",154219998,21.3341739562976,54.0753549904079
"1270",154210020,21.0865925682051,54.2336875250803
"1271",153210030,21.2650379132579,53.9323196638193
"1272",154219999,21.3189184220237,54.0709176279676
"1273",154210030,21.1102214163978,54.2206459626781
"1274",154210050,21.5845216704662,54.2153172125647
"1275",154219996,21.7742224987817,54.108221072518
"1276",154210060,21.6503721735005,54.1908168183695
"1277",154210070,21.7311850553562,54.2268671812288
"1278",154210080,21.7198243748529,54.2441711017064
"1279",154210100,21.9802066105919,54.326521887335
"1280",154219994,21.9283687322648,54.1350091640118
"1281",154219995,21.8566046979671,54.1689763063686
"1282",154220050,22.3681645033486,54.3098743270105
"1283",154229999,22.337991157968,54.3216720814051
"1284",154220040,22.3309894071069,54.3147164520567
"1285",154220110,22.3119444444444,54.3127777777778
"1286",154220010,22.0303752800622,54.248303305699
"1287",154220100,22.9108692795375,54.2702741114888
"1288",154230010,23.0210719037225,54.3444027978198
"1289",154220080,22.7972493577184,54.2443819867577
"1290",154229996,22.7959251847135,54.2424036791978
"1291",154220090,22.8804927766514,54.1346966845269
"1292",154229994,22.9922222912526,54.0680188964006
"1293",154230020,23.0860985390929,54.0699241281401
"1294",154230030,23.1169582477258,54.0698279243558
"1295",153230120,23.4056437018984,53.9000078805542
"1296",154239999,23.0945137965396,54.0884007863371
"1297",153230090,23.2019134069442,53.890012875656
"1298",154230040,23.4573763335043,54.0269027681487
"1299",149220170,22.6626129970706,49.4731242542864
"1300",149190240,19.6908951178288,49.4706377120064
"1301",149190250,19.6951220968522,49.4722680064967
