;id;DS.chainage;velocity;len(DS.densified_wl_by_regr_itpd);len(DS.upstream_adjacent_vs);mean_bias;mean_uncrt;mean_rmse_sum;rmse_reg;rmse_raw;rmse_cval;rmse_daily;rmse_srd;nse_reg;nse_raw;nse_cval;nse_daily;nse_srd
0;46217;78287,03637738184;0,2777777777777778;540;21;0,29336700639189456;0,1129584438549956;0,6163568523430593;0,7738;0,9478;0,1967;0,7686;0,192;0,8271;0,7406;0,9912;0,8332;0,9907
1;46217;78287,03637738184;0,5555555555555556;540;21;0,2935141418936364;0,11309565987599646;0,6151871567759079;0,4845;0,9478;0,1006;0,465;0,192;0,9322;0,7406;0,9977;0,9385;0,9907
2;46217;78287,03637738184;0,8333333333333333;539;21;0,2931862487307343;0,11318844444444445;0,6164019555555555;0,4164;0,9478;0,1132;0,3633;0,192;0,9499;0,7406;0,9971;0,9625;0,9907
3;46217;78287,03637738184;1,1111111111111112;540;21;0,29310251748101135;0,11311722912966253;0,6176750444049733;0,3915;0,9478;0,1263;0,3156;0,192;0,9557;0,7406;0,9964;0,9718;0,9907
4;46217;78287,03637738184;1,3888888888888888;540;21;0,2929968396670289;0,11302750665483585;0,6172035492457852;0,3977;0,9478;0,1348;0,3097;0,192;0,9543;0,7406;0,9959;0,9718;0,9907
5;46217;78287,03637738184;1,6666666666666665;540;21;0,2929968396670289;0,11302750665483585;0,6172035492457851;0,3904;0,9478;0,1478;0,3006;0,192;0,956;0,7406;0,9951;0,9744;0,9907
6;46217;78287,03637738184;1,9444444444444444;539;21;0,29302857728931736;0,1130923623445826;0,617288809946714;0,3963;0,9478;0,149;0,3103;0,192;0,9547;0,7406;0,995;0,9722;0,9907
7;46221;114018,01273358069;0,2777777777777778;541;22;0,2983166487807749;0,11721296296296298;0,5972699494949494;0,6965;0,9794;0,2309;0,6804;0,3146;0,8705;0,744;0,9873;0,8707;0,9746
8;46221;114018,01273358069;0,5555555555555556;540;22;0,2988621271205893;0,11740134907251265;0,5969282462057336;0,5142;0,9794;0,1723;0,4878;0,3146;0,9294;0,744;0,9929;0,9333;0,9746
9;46221;114018,01273358069;0,8333333333333333;540;22;0,298488416743723;0,11742772612003384;0,5970107354184278;0,4565;0,9794;0,1302;0,4109;0,3146;0,9444;0,744;0,996;0,9523;0,9746
10;46221;114018,01273358069;1,1111111111111112;540;22;0,29840421358065;0,1173564189189189;0,5975476351351351;0,454;0,9794;0,1359;0,3954;0,3146;0,945;0,744;0,9956;0,9546;0,9746
11;46221;114018,01273358069;1,3888888888888888;539;22;0,298032834659535;0,11703296703296702;0,5966871513102283;0,4317;0,9794;0,1332;0,3614;0,3146;0,9502;0,744;0,9958;0,9619;0,9746
12;46221;114018,01273358069;1,6666666666666665;539;22;0,298032834659535;0,11703296703296705;0,5966871513102282;0,445;0,9794;0,1315;0,3594;0,3146;0,9472;0,744;0,9959;0,9628;0,9746
13;46221;114018,01273358069;1,9444444444444444;539;22;0,2980675101619723;0,11709813874788497;0,596513282571912;0,4536;0,9794;0,1381;0,3964;0,3146;0,9451;0,744;0,9955;0,9584;0,9746
14;46225;171852,2804483872;0,2777777777777778;540;18;0,28941706744631723;0,1170362389813908;0,639816846229187;0,8366;1,1272;0,8192;0,918;0,2253;0,8409;0,7112;0,8538;0,8036;0,9875
15;46225;171852,2804483872;0,5555555555555556;540;18;0,2902559074981642;0,11745829244357213;0,6414566241413151;0,5896;1,1272;0,3308;0,5627;0,2253;0,921;0,7112;0,9762;0,9253;0,9875
16;46225;171852,2804483872;0,8333333333333333;540;18;0,28929453054805876;0,11731305201177626;0,6400817468105985;0,4856;1,1272;0,2884;0,4272;0,2253;0,9464;0,7112;0,9819;0,9569;0,9875
17;46225;171852,2804483872;1,1111111111111112;540;18;0,2893808124582131;0,11685840707964604;0,6396491642084562;0,476;1,1272;0,364;0,3757;0,2253;0,9485;0,7112;0,9711;0,9657;0,9875
18;46225;171852,2804483872;1,3888888888888888;540;18;0,2893808124582131;0,11717583497053047;0,6392409626719057;0,4664;1,1272;0,3369;0,3405;0,2253;0,9506;0,7112;0,9753;0,9733;0,9875
19;46225;171852,2804483872;1,6666666666666665;540;18;0,2892697718418192;0,11707262021589795;0,6394867517173699;0,4635;1,1272;0,3374;0,3432;0,2253;0,9512;0,7112;0,9752;0,9726;0,9875
20;46225;171852,2804483872;1,9444444444444444;539;18;0,2897962257275129;0,11700098039215687;0,639886568627451;0,4723;1,1272;0,3403;0,3489;0,2253;0,9493;0,7112;0,9748;0,9709;0,9875
21;23876;200061,70532737562;0,2777777777777778;540;22;0,2983166487807749;0,11721296296296298;0,8268063973063973;0,9513;1,4613;0,4942;1,0179;0,2935;0,8069;0,533;0,9562;0,7698;0,9822
22;23876;200061,70532737562;0,5555555555555556;539;22;0,29878084450010306;0,1173251895534962;0,8293976411120471;0,7129;1,4613;0,3539;0,7224;0,2935;0,8916;0,533;0,9775;0,8873;0,9822
23;23876;200061,70532737562;0,8333333333333333;540;22;0,298488416743723;0,11742772612003384;0,8273068469991547;0,6221;1,4613;0,3466;0,543;0,2935;0,9174;0,533;0,9785;0,9335;0,9822
24;23876;200061,70532737562;1,1111111111111112;540;22;0,29840421358065;0,1173564189189189;0,8258733952702703;0,5223;1,4613;0,147;0,4419;0,2935;0,9418;0,533;0,9961;0,9563;0,9822
25;23876;200061,70532737562;1,3888888888888888;540;22;0,29840421358065;0,1173564189189189;0,8258733952702703;0,5318;1,4613;0,1514;0,4186;0,2935;0,9397;0,533;0,9959;0,9601;0,9822
26;23876;200061,70532737562;1,6666666666666665;540;22;0,29840421358065;0,1173564189189189;0,8258733952702703;0,5249;1,4613;0,1532;0,4238;0,2935;0,9412;0,533;0,9958;0,9578;0,9822
27;23876;200061,70532737562;1,9444444444444444;540;22;0,2983340297088549;0,1173327702702703;0,825506081081081;0,5373;1,4613;0,1511;0,4289;0,2935;0,9384;0,533;0,9959;0,9576;0,9822
28;46227;220907,08354902847;0,2777777777777778;540;22;0,2983166487807749;0,11721296296296298;0,9479318181818182;0,9887;1,003;0,5526;1,0167;0,2588;0,7771;0,7706;0,9393;0,757;0,9848
29;46227;220907,08354902847;0,5555555555555556;540;22;0,29878084450010306;0,1173251895534962;0,9508163437236731;0,7558;1,003;0,3725;0,7559;0,2588;0,8697;0,7706;0,9724;0,8622;0,9848
30;46227;220907,08354902847;0,8333333333333333;539;22;0,298488416743723;0,11742772612003384;0,9483685545224008;0,5794;1,003;0,281;0,5049;0,2588;0,9234;0,7706;0,9843;0,9412;0,9848
31;46227;220907,08354902847;1,1111111111111112;539;22;0,29840421358065;0,1173564189189189;0,9462576858108109;0,526;1,003;0,2471;0,4375;0,2588;0,9369;0,7706;0,9879;0,9527;0,9848
32;46227;220907,08354902847;1,3888888888888888;539;22;0,29840421358065;0,1173564189189189;0,9462576858108109;0,4987;1,003;0,2408;0,4275;0,2588;0,9433;0,7706;0,9885;0,9576;0,9848
33;46227;220907,08354902847;1,6666666666666665;540;22;0,29840421358065;0,1173564189189189;0,9462576858108109;0,5325;1,003;0,2533;0,4154;0,2588;0,9353;0,7706;0,9872;0,9604;0,9848
34;46227;220907,08354902847;1,9444444444444444;540;22;0,2983340297088549;0,1173327702702703;0,9458903716216217;0,5241;1,003;0,24;0,4143;0,2588;0,9374;0,7706;0,9885;0,9593;0,9848
35;46232;270468,2411846031;0,2777777777777778;540;22;0,25861293192695023;0,1257429501084599;1,036432212581345;1,1238;1,0352;0,5772;1,1501;0,2029;0,6705;0,7204;0,9219;0,6256;0,9893
36;46232;270468,2411846031;0,5555555555555556;540;22;0,2588975028540464;0,12586023835319612;1,0370772481040087;0,7768;1,0352;0,2557;0,7931;0,2029;0,8426;0,7204;0,9847;0,8246;0,9893
37;46232;270468,2411846031;0,8333333333333333;540;22;0,2591565111070087;0,12592190889370933;1,035532863340564;0,6084;1,0352;0,1444;0,5313;0,2029;0,9034;0,7204;0,9951;0,9255;0,9893
38;46232;270468,2411846031;1,1111111111111112;540;22;0,25915651110700877;0,12592190889370936;1,035532863340564;0,5683;1,0352;0,1865;0,4648;0,2029;0,9157;0,7204;0,9919;0,9443;0,9893
39;46232;270468,2411846031;1,3888888888888888;539;22;0,25915651110700877;0,12592190889370933;1,0355328633405638;0,5433;1,0352;0,1872;0,4;0,2029;0,923;0,7204;0,9918;0,9612;0,9893
40;46232;270468,2411846031;1,6666666666666665;539;22;0,25915651110700877;0,12592190889370933;1,035532863340564;0,528;1,0352;0,1799;0,3887;0,2029;0,9273;0,7204;0,9924;0,9625;0,9893
41;46232;270468,2411846031;1,9444444444444444;539;22;0,259068076788659;0,12579848320693393;1,0364624052004334;0,5149;1,0352;0,1852;0,4075;0,2029;0,9308;0,7204;0,992;0,9585;0,9893
42;14039;308347,71673388884;0,2777777777777778;529;8;0,22296564948309613;0,12733962264150944;0,6551871698113207;0,5886;0,8452;0,7887;0,637;0,1397;0,7982;0,5697;0,6963;0,7417;0,9891
43;14039;308347,71673388884;0,5555555555555556;530;8;0,22265157841200062;0,1273100189035917;0,6543773156899811;0,4995;0,8452;0,3507;0,4744;0,1397;0,8546;0,5697;0,9399;0,8628;0,9891
44;14039;308347,71673388884;0,8333333333333333;530;8;0,22265157841200062;0,1273100189035917;0,6543773156899811;0,5051;0,8452;0,2503;0,4446;0,1397;0,8514;0,5697;0,9694;0,8803;0,9891
45;14039;308347,71673388884;1,1111111111111112;530;8;0,22265157841200062;0,12731001890359167;0,6543773156899811;0,4851;0,8452;0,2341;0,4269;0,1397;0,8629;0,5697;0,9732;0,8898;0,9891
46;14039;308347,71673388884;1,3888888888888888;531;8;0,22265157841200062;0,12731001890359167;0,6543773156899811;0,4934;0,8452;0,2357;0,411;0,1397;0,8582;0,5697;0,9729;0,902;0,9891
47;14039;308347,71673388884;1,6666666666666665;531;8;0,22265157841200062;0,12731001890359167;0,6543773156899811;0,5228;0,8452;0,2331;0,4532;0,1397;0,8408;0,5697;0,9735;0,8818;0,9891
48;14039;308347,71673388884;1,9444444444444444;531;8;0,22265157841200062;0,12731001890359167;0,6543773156899811;0,5285;0,8452;0,2325;0,463;0,1397;0,8373;0,5697;0,9736;0,8785;0,9891
49;18853;407251,34629795473;0,2777777777777778;529;7;0,20657773846804486;0,12993939393939394;0,39325111111111105;0,4753;0,4936;0,2302;0,6239;0,2247;0,7303;0,7099;0,9248;0,5382;0,9157
50;18853;407251,34629795473;0,5555555555555556;526;7;0,1906407552670574;0,1331098591549296;0,19278845070422534;0,3924;0,4936;0,0939;0,2549;0,2247;0,8161;0,7099;0,9875;0,9334;0,9157
51;18853;407251,34629795473;0,8333333333333333;531;7;0,20620816479039084;0,12991295546558707;0,39404716599190276;0,3778;0,4936;0,1019;0,313;0,2247;0,8296;0,7099;0,9853;0,8965;0,9157
52;18853;407251,34629795473;1,1111111111111112;531;7;0,20620816479039084;0,12991295546558707;0,39404716599190276;0,395;0,4936;0,1043;0,3276;0,2247;0,8137;0,7099;0,9846;0,8791;0,9157
53;18853;407251,34629795473;1,3888888888888888;530;7;0,20620816479039084;0,12991295546558707;0,39404716599190276;0,384;0,4936;0,1082;0,2725;0,2247;0,8239;0,7099;0,9834;0,9185;0,9157
54;18853;407251,34629795473;1,6666666666666665;530;7;0,20620816479039084;0,12991295546558707;0,39404716599190276;0,3876;0,4936;0,1106;0,2824;0,2247;0,8206;0,7099;0,9826;0,901;0,9157
55;18853;407251,34629795473;1,9444444444444444;530;7;0,20657773846804486;0,12993939393939394;0,39325111111111105;0,3845;0,4936;0,1113;0,2856;0,2247;0,8235;0,7099;0,9824;0,8986;0,9157
56;41905;185542,2744992548;0,2777777777777778;545;28;0,11851830161436457;0,0800752582390556;0,5004817511067389;0,498;0,3968;0,43;0,5065;0,0801;0,9099;0,9428;0,931;0,9006;0,9975
57;41905;185542,2744992548;0,5555555555555556;545;28;0,11737223525906351;0,07897965260545906;0,4964202977667494;0,5095;0,3968;0,191;0,5075;0,0801;0,9057;0,9428;0,9866;0,9023;0,9975
58;41905;185542,2744992548;0,8333333333333333;545;28;0,11692612392263436;0,07740814299900697;0,4970496524329692;0,4181;0,3968;0,1548;0,4326;0,0801;0,9365;0,9428;0,9912;0,9274;0,9975
59;41905;185542,2744992548;1,1111111111111112;545;28;0,11323383163712694;0,07289884918231375;0,3572581465778316;0,3275;0,3968;0,0575;0,2438;0,0801;0,961;0,9428;0,9988;0,9766;0,9975
60;41905;185542,2744992548;1,3888888888888888;544;28;0,11323383163712694;0,07289884918231375;0,3572581465778316;0,2939;0,3968;0,0662;0,2044;0,0801;0,9686;0,9428;0,9984;0,9832;0,9975
61;41905;185542,2744992548;1,6666666666666665;545;28;0,1132953724725026;0,07291046581972173;0,3576229280096793;0,3158;0,3968;0,0632;0,1941;0,0801;0,9638;0,9428;0,9985;0,9856;0,9975
62;41905;185542,2744992548;1,9444444444444444;545;28;0,1132953724725026;0,07286880290205562;0,3577298669891173;0,3123;0,3968;0,0661;0,1829;0,0801;0,9646;0,9428;0,9984;0,9872;0,9975
63;41861;218037,67530584385;0,2777777777777778;546;28;0,11851830161436457;0,0800752582390556;0,4179311362518446;0,4323;0,4881;0,1838;0,3998;0,0782;0,921;0,8994;0,9841;0,9288;0,9971
64;41861;218037,67530584385;0,5555555555555556;544;28;0,11393651895524588;0,07427881713940858;0,282303802051901;0,3785;0,4881;0,0535;0,348;0,0782;0,9395;0,8994;0,9987;0,9456;0,9971
65;41861;218037,67530584385;0,8333333333333333;545;28;0,11323886489589047;0,07308656174334141;0,2819060532687651;0,3339;0,4881;0,0516;0,2724;0,0782;0,9529;0,8994;0,9988;0,9675;0,9971
66;41861;218037,67530584385;1,1111111111111112;544;28;0,11323383163712694;0,07289884918231375;0,28179903089036945;0,3108;0,4881;0,0477;0,2179;0,0782;0,9592;0,8994;0,9989;0,9792;0,9971
67;41861;218037,67530584385;1,3888888888888888;545;28;0,11323383163712694;0,07289884918231375;0,28179903089036945;0,2957;0,4881;0,0484;0,1854;0,0782;0,9631;0,8994;0,9989;0,9848;0,9971
68;41861;218037,67530584385;1,6666666666666665;545;28;0,1132953724725026;0,07291046581972173;0,28211814882032665;0,302;0,4881;0,0459;0,1646;0,0782;0,9615;0,8994;0,999;0,9881;0,9971
69;41861;218037,67530584385;1,9444444444444444;544;28;0,1132953724725026;0,07286880290205562;0,28220229746070136;0,3142;0,4881;0,0463;0,1612;0,0782;0,9583;0,8994;0,999;0,9885;0,9971
70;41931;255202,3656464955;0,2777777777777778;552;32;0,11219412094374216;0,07772406551868963;0,45784632507349854;0,3744;0,4148;0,1735;0,3664;0,0744;0,9358;0,9212;0,9856;0,9392;0,9974
71;41931;255202,3656464955;0,5555555555555556;550;32;0,111645809660477;0,07735517970401691;0,4563538689217758;0,4034;0,4148;0,1036;0,3792;0,0744;0,9254;0,9212;0,9949;0,933;0,9974
72;41931;255202,3656464955;0,8333333333333333;545;32;0,11345265218534961;0,07629904974846284;0,25049083286752377;0,3329;0,4148;0,046;0,2644;0,0744;0,9492;0,9212;0,999;0,9665;0,9974
73;41931;255202,3656464955;1,1111111111111112;545;32;0,11336088932111746;0,07591507311586053;0,2483105174353206;0,3015;0,4148;0,0308;0,2014;0,0744;0,9583;0,9212;0,9996;0,9806;0,9974
74;41931;255202,3656464955;1,3888888888888888;545;32;0,11344858650599163;0,07573517786561265;0,24664912478825524;0,3126;0,4148;0,0321;0,2014;0,0743;0,9552;0,9212;0,9995;0,981;0,9974
75;41931;255202,3656464955;1,6666666666666665;544;32;0,1134838196141793;0,07570090293453725;0,24637770880361173;0,298;0,4148;0,0331;0,1764;0,0743;0,9593;0,9212;0,9995;0,9858;0,9974
76;41931;255202,3656464955;1,9444444444444444;544;32;0,11349018624639483;0,07574662162162163;0,24696041666666665;0,3333;0,4148;0,0331;0,1789;0,0743;0,9491;0,9212;0,9995;0,9851;0,9974
77;42213;310050,6355811434;0,2777777777777778;552;37;0,11050690603244988;0,07966799132947977;0,5526217485549133;0,4622;0,6271;0,2131;0,4552;0,0948;0,9034;0,8221;0,9783;0,9069;0,9958
78;42213;310050,6355811434;0,5555555555555556;545;37;0,11767634874567458;0,07808788351534061;0,2915074362974519;0,3611;0,6267;0,0381;0,2976;0,0945;0,941;0,8224;0,9993;0,9589;0,9959
79;42213;310050,6355811434;0,8333333333333333;545;37;0,11746779901226738;0,07752721617418352;0,2927876620010368;0,3244;0,6267;0,0381;0,2514;0,0942;0,9524;0,8224;0,9993;0,9704;0,9959
80;42213;310050,6355811434;1,1111111111111112;545;37;0,11764516390498866;0,07724415584415584;0,292624987012987;0,2916;0,6267;0,0378;0,2374;0,0942;0,9616;0,8224;0,9993;0,9743;0,9959
81;42213;310050,6355811434;1,3888888888888888;544;37;0,11756529551218976;0,07711053180396248;0,29162002085505734;0,2868;0,6267;0,0373;0,2013;0,0942;0,9628;0,8224;0,9993;0,9808;0,9959
82;42213;310050,6355811434;1,6666666666666665;544;37;0,11759904123126984;0,07701148825065275;0,2903804177545692;0,2979;0,6267;0,0365;0,2147;0,0942;0,9599;0,8224;0,9994;0,979;0,9959
83;42213;310050,6355811434;1,9444444444444444;545;37;0,117559530902006;0,0783042797494781;0,28990490605427977;0,2958;0,6267;0,0376;0,2195;0,0942;0,9604;0,8224;0,9993;0,9786;0,9959
84;41903;361011,36655822257;0,2777777777777778;554;41;0,10924254629084255;0,07950293609671848;0,5873170293609672;0,4712;0,4815;0,2737;0,4737;0,1017;0,8711;0,8653;0,9569;0,8695;0,9942
85;41903;361011,36655822257;0,5555555555555556;545;41;0,1194827690026689;0,08207281001137658;0,3394301478953356;0,3669;0,4815;0,048;0,2987;0,1017;0,9218;0,8653;0,9987;0,946;0,9942
86;41903;361011,36655822257;0,8333333333333333;545;41;0,11894875659067493;0,0809920364050057;0,33969897610921507;0,2916;0,4815;0,0428;0,2307;0,1017;0,9506;0,8653;0,999;0,9686;0,9942
87;41903;361011,36655822257;1,1111111111111112;545;41;0,11922644278539053;0,08085404789053592;0,33960461801596353;0,3081;0,4815;0,0449;0,2191;0,1017;0,9448;0,8653;0,9989;0,9725;0,9942
88;41903;361011,36655822257;1,3888888888888888;545;41;0,11907346170139749;0,08052375500858615;0,33890011448196916;0,2805;0,4815;0,048;0,1918;0,1017;0,9543;0,8653;0,9987;0,9785;0,9942
89;41903;361011,36655822257;1,6666666666666665;545;41;0,11931392514813166;0,08028522336769761;0,33820303550973657;0,2699;0,4815;0,0523;0,2015;0,1017;0,9577;0,8653;0,9985;0,9768;0,9942
90;41903;361011,36655822257;1,9444444444444444;545;41;0,11937782119339535;0,08144100801832763;0,3380619129438717;0,2722;0,4815;0,0529;0,2021;0,1017;0,957;0,8653;0,9984;0,9771;0,9942
91;41900;439615,0889590909;0,2777777777777778;554;41;0,11656309721102853;0,08017635270541082;0,6676828323313293;0,5742;0,5307;0,2374;0,5866;0,2014;0,787;0,819;0,9632;0,7793;0,9732
92;41900;439615,0889590909;0,5555555555555556;550;41;0,11574666042721217;0,08000033624747814;0,6698775050437121;0,4439;0,5292;0,1052;0,4474;0,1967;0,8729;0,8202;0,9928;0,8714;0,9745
93;41900;439615,0889590909;0,8333333333333333;549;41;0,12261873309773108;0,09192204899777283;0,3638349665924276;0,3718;0,5292;0,0834;0,3883;0,1963;0,9108;0,8202;0,9955;0,9056;0,9746
94;41900;439615,0889590909;1,1111111111111112;549;41;0,12249076626278788;0,09178943452380953;0,3643723958333333;0,353;0,5285;0,0865;0,3593;0,1947;0,9196;0,8208;0,9951;0,9207;0,975
95;41900;439615,0889590909;1,3888888888888888;548;41;0,1226306231076478;0,0917732342007435;0,36427040892193313;0,3449;0,5285;0,0927;0,3471;0,1947;0,9233;0,8208;0,9944;0,9285;0,975
96;41900;439615,0889590909;1,6666666666666665;548;41;0,11552154263647027;0,07879406808223796;0,6702558813616448;0,3537;0,5285;0,1128;0,3883;0,1947;0,9193;0,8208;0,9917;0,9062;0,975
97;41900;439615,0889590909;1,9444444444444444;547;41;0,11576889127949679;0,07946570275722932;0,6700257229320781;0,3413;0,5285;0,1178;0,3885;0,1947;0,9249;0,8208;0,991;0,9046;0,975
98;41899;448733,0573867012;0,2777777777777778;554;41;0,11669968898017302;0,08070119250425896;0,6677729471890971;0,6005;0,661;0,2715;0,6045;0,1296;0,7705;0,7219;0,9576;0,7699;0,9897
99;41899;448733,0573867012;0,5555555555555556;550;41;0,11587938285827334;0,0805629934775146;0,6697461036731892;0,4401;0,6595;0,0942;0,4342;0,1276;0,8769;0,7235;0,9949;0,8808;0,99
100;41899;448733,0573867012;0,8333333333333333;549;41;0,11692766851786736;0,09010506706408347;0,36157295081967217;0,3478;0,6588;0,0719;0,3481;0,1269;0,9231;0,7243;0,997;0,9258;0,9901
101;41899;448733,0573867012;1,1111111111111112;549;41;0,11500002655307928;0,07922857142857144;0,6696169707401034;0,3299;0,6588;0,0878;0,3429;0,1269;0,9309;0,7243;0,9956;0,9243;0,9901
102;41899;448733,0573867012;1,3888888888888888;549;41;0,11695675436244657;0,09021716417910447;0,36208634328358213;0,3289;0,6581;0,0884;0,3077;0,1265;0,9313;0,7251;0,9955;0,9437;0,9902
103;41899;448733,0573867012;1,6666666666666665;547;41;0,11568417621565186;0,07922291021671828;0,6703342621259031;0,3249;0,6581;0,1017;0,3335;0,1265;0,933;0,7251;0,9941;0,931;0,9902
104;41899;448733,0573867012;1,9444444444444444;547;41;0,11593854774489067;0,07978647442499143;0,6700752832131823;0,3279;0,6581;0,1067;0,3331;0,1265;0,9318;0,7251;0,9935;0,9289;0,9902
105;41897;478239,2477053198;0,2777777777777778;553;26;0,1230354463583199;0,08972722095671984;0,42842215261959;0,3821;0,3838;0,3607;0,4046;0,1343;0,7748;0,7728;0,8162;0,7583;0,9717
106;41897;478239,2477053198;0,5555555555555556;550;26;0,12179498784925544;0,08892537313432837;0,4275671067738232;0,2468;0,3835;0,1295;0,2442;0,133;0,9062;0,7733;0,9763;0,9094;0,9722
107;41897;478239,2477053198;0,8333333333333333;549;26;0,10091511673339154;0,08224223602484473;0,19341714285714284;0,2053;0,3832;0,073;0,1794;0,1319;0,9351;0,7738;0,9925;0,9515;0,9726
108;41897;478239,2477053198;1,1111111111111112;548;26;0,10087339689840195;0,08225373134328359;0,1936577114427861;0,2015;0,3832;0,0719;0,1667;0,1319;0,9374;0,7738;0,9927;0,9586;0,9726
109;41897;478239,2477053198;1,3888888888888888;548;26;0,1005109915518571;0,08216915422885573;0,1935044776119403;0,1967;0,3832;0,0769;0,1607;0,1319;0,9404;0,7738;0,9917;0,9641;0,9726
110;41897;478239,2477053198;1,6666666666666665;548;26;0,1005109915518571;0,08216915422885573;0,1935044776119403;0,1991;0,3832;0,0797;0,164;0,1319;0,9389;0,7738;0,9911;0,9622;0,9726
111;41897;478239,2477053198;1,9444444444444444;547;26;0,10044437012382822;0,08210958904109589;0,19359252801992533;0,1963;0,3832;0,0819;0,1577;0,1319;0,9407;0,7738;0,9906;0,9652;0,9726
112;41893;555161,3104702845;0,2777777777777778;554;32;0,1289271495019496;0,09054272634791455;0,48748499491353;0,5088;0,326;0,2094;0,5188;0,0661;0,8046;0,9198;0,9721;0,8058;0,9972
113;41893;555161,3104702845;0,5555555555555556;549;32;0,1274844025858636;0,0886493839835729;0,485611909650924;0,364;0,326;0,2174;0,3558;0,0661;0,9;0,9198;0,9705;0,9047;0,9972
114;41893;555161,3104702845;0,8333333333333333;549;32;0,11745280221726905;0,08244554455445545;0,26531363290175175;0,2625;0,326;0,0532;0,2072;0,0661;0,948;0,9198;0,9982;0,9684;0,9972
115;41893;555161,3104702845;1,1111111111111112;549;32;0,11721548112477534;0,08233893129770993;0,2648418320610687;0,2661;0,326;0,052;0,2087;0,0661;0,9466;0,9198;0,9983;0,9672;0,9972
116;41893;555161,3104702845;1,3888888888888888;548;32;0,11636375986674273;0,08226166794185158;0,26434896710022954;0,2538;0,326;0,0527;0,202;0,0661;0,9514;0,9198;0,9983;0,9682;0,9972
117;41893;555161,3104702845;1,6666666666666665;548;32;0,11633973460254951;0,08221958684009183;0,26438056618209643;0,2394;0,326;0,0543;0,206;0,0661;0,9567;0,9198;0,9982;0,9666;0,9972
118;41893;555161,3104702845;1,9444444444444444;548;32;0,11638453140113181;0,08227947932618683;0,26441554364471676;0,2426;0,326;0,0548;0,2026;0,0661;0,9556;0,9198;0,9981;0,9671;0,9972
119;41865;598357,646958985;0,2777777777777778;553;27;0,12811467205379184;0,08607239263803682;0,4658315950920246;0,4927;0,5063;0,2289;0,4799;0,0771;0,8116;0,8011;0,9646;0,8329;0,9958
120;41865;598357,646958985;0,5555555555555556;548;27;0,11314534445974397;0,07732377428307124;0,22947900092506937;0,2664;0,5063;0,0629;0,222;0,0771;0,9449;0,8011;0,9974;0,9654;0,9958
121;41865;598357,646958985;0,8333333333333333;548;27;0,11323572969094327;0,07722571692876966;0,22992765957446806;0,2774;0,5063;0,0745;0,1957;0,0771;0,9403;0,8011;0,9964;0,973;0,9958
122;41865;598357,646958985;1,1111111111111112;547;27;0,1132819134665013;0,07728637627432808;0,22935495829471733;0,2999;0,5063;0,0767;0,2029;0,0771;0,9302;0,8011;0,9962;0,9706;0,9958
123;41865;598357,646958985;1,3888888888888888;547;27;0,11246113609603547;0,07732311977715879;0,22905533890436394;0,3034;0,5063;0,0685;0,2164;0,0771;0,9286;0,8011;0,9969;0,9674;0,9958
124;41865;598357,646958985;1,6666666666666665;547;27;0,11246113609603547;0,07732311977715879;0,22905533890436394;0,3119;0,5063;0,0698;0,2194;0,0771;0,9245;0,8011;0,9968;0,9654;0,9958
125;41865;598357,646958985;1,9444444444444444;547;27;0,1125117130659733;0,07739126394052045;0,22881747211895911;0,3125;0,5063;0,0699;0,2151;0,0771;0,9242;0,8011;0,9968;0,967;0,9958
126;41891;636723,4951453801;0,2777777777777778;552;24;0,1204134114788793;0,08174641148325358;0,42814258373205744;0,3948;0,3951;0,0971;0,3958;0,0813;0,8282;0,8279;0,9907;0,8382;0,9931
127;41891;636723,4951453801;0,5555555555555556;546;24;0,1252864012257615;0,08591511936339523;0,23725809018567637;0,2303;0,3951;0,0602;0,1724;0,0813;0,9416;0,8279;0,9965;0,9709;0,9931
128;41891;636723,4951453801;0,8333333333333333;545;24;0,1252864012257615;0,08591511936339523;0,23725809018567637;0,2229;0,3951;0,0618;0,1504;0,0813;0,9452;0,8279;0,9963;0,9762;0,9931
129;41891;636723,4951453801;1,1111111111111112;545;24;0,1252864012257615;0,08591511936339523;0,23725809018567637;0,2276;0,3951;0,0612;0,1662;0,0813;0,9429;0,8279;0,9964;0,9718;0,9931
130;41891;636723,4951453801;1,3888888888888888;544;24;0,1252864012257615;0,08591511936339523;0,23725809018567637;0,2312;0,3951;0,0631;0,1689;0,0813;0,9411;0,8279;0,9962;0,9705;0,9931
131;41891;636723,4951453801;1,6666666666666665;544;24;0,1252864012257615;0,08591511936339523;0,23725809018567637;0,2322;0,3951;0,064;0,1681;0,0813;0,9406;0,8279;0,9961;0,9698;0,9931
132;41891;636723,4951453801;1,9444444444444444;544;24;0,1252864012257615;0,08591511936339523;0,23725809018567637;0,2329;0,3951;0,0658;0,1708;0,0813;0,9402;0,8279;0,9958;0,9689;0,9931
133;41928;195413,0843143927;0,2777777777777778;553;23;0,08914882288403288;0,07855639097744362;0,36234511278195486;0,1911;0,1255;0,1643;0,2058;0,0919;0,9469;0,9771;0,9604;0,9417;0,988
134;41928;195413,0843143927;0,5555555555555556;550;23;0,08914882288403288;0,07855639097744362;0,36234511278195486;0,1679;0,1255;0,1595;0,1824;0,0919;0,959;0,9771;0,9627;0,9516;0,988
135;41928;195413,0843143927;0,8333333333333333;549;23;0,08914882288403288;0,07855639097744362;0,3623451127819549;0,1715;0,1255;0,1636;0,1813;0,0919;0,9572;0,9771;0,9607;0,9526;0,988
136;41928;195413,0843143927;1,1111111111111112;549;23;0,08923033638254221;0,07871406959152799;0,36453782148260216;0,1726;0,1255;0,1689;0,1878;0,0919;0,9567;0,9771;0,9582;0,949;0,988
137;41928;195413,0843143927;1,3888888888888888;549;23;0,08923033638254221;0,078714069591528;0,36453782148260216;0,1744;0,1255;0,1699;0,1891;0,0919;0,9557;0,9771;0,9577;0,9508;0,988
138;41928;195413,0843143927;1,6666666666666665;549;23;0,08923033638254221;0,078714069591528;0,3645378214826021;0,1728;0,1255;0,1697;0,1866;0,0919;0,9566;0,9771;0,9578;0,9512;0,988
139;41928;195413,0843143927;1,9444444444444444;548;23;0,08923033638254221;0,078714069591528;0,3645378214826021;0,1723;0,1255;0,1713;0,1892;0,0919;0,9568;0,9771;0,9575;0,9496;0,988
140;41927;228129,8234030728;0,2777777777777778;556;25;0,09614636996340498;0,0961507430997877;0,4918866242038217;0,2442;0,1968;0,2355;0,253;0,1011;0,9704;0,9808;0,9704;0,9689;0,9947
141;41927;228129,8234030728;0,5555555555555556;551;25;0,08900181665662098;0,07917356321839081;0,2472096551724138;0,2094;0,1968;0,0885;0,1885;0,1011;0,9782;0,9808;0,9958;0,9833;0,9947
142;41927;228129,8234030728;0,8333333333333333;550;25;0,08907632038144286;0,07920530565167243;0,2468560553633218;0,1726;0,1968;0,0824;0,1672;0,1011;0,9852;0,9808;0,9964;0,9868;0,9947
143;41927;228129,8234030728;1,1111111111111112;549;25;0,08743546534301495;0,07874680603948898;0,24579291521486643;0,1691;0,1968;0,0812;0,1697;0,1011;0,9858;0,9808;0,9965;0,9867;0,9947
144;41927;228129,8234030728;1,3888888888888888;549;25;0,08755948716970033;0,07894791666666669;0,24644664351851853;0,1666;0,1968;0,0734;0,1552;0,1011;0,9862;0,9808;0,9971;0,9889;0,9947
145;41927;228129,8234030728;1,6666666666666665;549;25;0,08763802465156086;0,07898146002317498;0,24632734646581692;0,1668;0,1968;0,0745;0,1548;0,1011;0,9862;0,9808;0,997;0,9889;0,9947
146;41927;228129,8234030728;1,9444444444444444;548;25;0,08763802465156086;0,07898146002317498;0,24632734646581694;0,173;0,1968;0,0744;0,1613;0,1011;0,9851;0,9808;0,9971;0,9876;0,9947
147;41925;312229,81276551547;0,2777777777777778;557;30;0,0947452457673998;0,09840468651044965;0,46341399620012663;0,1916;0,7279;0,1645;0,1926;0,0498;0,977;0,668;0,9802;0,9768;0,9982
148;41925;312229,81276551547;0,5555555555555556;553;30;0,09475012305213425;0,09831043256997456;0,4625114503816794;0,1908;0,7279;0,065;0,1779;0,0498;0,9772;0,668;0,9969;0,981;0,9982
149;41925;312229,81276551547;0,8333333333333333;551;30;0,08684844211426154;0,09127832292595897;0,30078661909009813;0,1487;0,7279;0,0553;0,1439;0,0498;0,9861;0,668;0,9978;0,9871;0,9982
150;41925;312229,81276551547;1,1111111111111112;550;30;0,08678559679938641;0,09131668153434434;0,3005942908117752;0,1517;0,7279;0,0629;0,1448;0,0498;0,9856;0,668;0,9971;0,9868;0,9982
151;41925;312229,81276551547;1,3888888888888888;550;30;0,08655386411709635;0,09115817694369974;0,30041537086684533;0,1503;0,7279;0,0641;0,1443;0,0498;0,9858;0,668;0,997;0,9872;0,9982
152;41925;312229,81276551547;1,6666666666666665;549;30;0,08655386411709635;0,09115817694369975;0,3004153708668454;0,1499;0,7279;0,0668;0,1456;0,0498;0,9859;0,668;0,9967;0,987;0,9982
153;41925;312229,81276551547;1,9444444444444444;549;30;0,08655386411709635;0,09115817694369974;0,3004153708668454;0,1528;0,7279;0,0603;0,1524;0,0498;0,9854;0,668;0,9973;0,9863;0,9982
154;41855;346434,46845029754;0,2777777777777778;563;33;0,09476942982384196;0,10241464757709252;0,5205607378854625;0,2124;0,1877;0,086;0,2116;0,0972;0,9657;0,9732;0,9946;0,9666;0,9931
155;41855;346434,46845029754;0,5555555555555556;552;33;0,08798528154866021;0,09885465622280244;0,30346744995648384;0,1655;0,1858;0,0557;0,1332;0,098;0,9791;0,9737;0,9978;0,9872;0,993
156;41855;346434,46845029754;0,8333333333333333;551;33;0,08583707240070616;0,09875460122699388;0,3031720420683611;0,1665;0,185;0,0584;0,1429;0,0987;0,9789;0,974;0,9975;0,9852;0,9929
157;41855;346434,46845029754;1,1111111111111112;549;33;0,08578507672954426;0,09848906386701663;0,30356299212598425;0,1598;0,185;0,0634;0,1471;0,0987;0,9806;0,974;0,9971;0,9843;0,9929
158;41855;346434,46845029754;1,3888888888888888;549;33;0,08569919436585866;0,09832136602451841;0,30334912434325745;0,1551;0,1842;0,0643;0,1492;0,0995;0,9817;0,9742;0,997;0,9837;0,9928
159;41855;346434,46845029754;1,6666666666666665;549;33;0,08555290991351971;0,09828483786152498;0,30320105170902717;0,1621;0,1842;0,0821;0,1527;0,0995;0,98;0,9742;0,9951;0,9823;0,9928
160;41855;346434,46845029754;1,9444444444444444;549;33;0,08555290991351971;0,09828483786152498;0,30320105170902717;0,1694;0,1842;0,073;0,1647;0,0995;0,9782;0,9742;0,9962;0,9803;0,9928
161;41882;455295,5836026555;0,2777777777777778;568;40;0,08555191635646042;0,11175322878228783;0,6749117158671586;0,2152;0,222;0,2679;0,2317;0,0678;0,9693;0,9673;0,953;0,9648;0,9971
162;41882;455295,5836026555;0,5555555555555556;558;40;0,08538447350118508;0,11194506001846723;0,6747883194829178;0,1993;0,222;0,1178;0,1943;0,0678;0,9736;0,9673;0,9909;0,9749;0,9971
163;41882;455295,5836026555;0,8333333333333333;554;40;0,08467652567005679;0,11183325613710052;0,6756101899027328;0,193;0,222;0,1008;0,1874;0,0678;0,9753;0,9673;0,9935;0,9771;0,9971
164;41882;455295,5836026555;1,1111111111111112;553;40;0,08436000709304507;0,11195311049210771;0,6744364902506964;0,2236;0,222;0,1146;0,2104;0,0678;0,9668;0,9673;0,9915;0,9716;0,9971
165;41882;455295,5836026555;1,3888888888888888;552;40;0,08520836124192854;0,11212100139082058;0,6743091794158553;0,2477;0,222;0,1184;0,247;0,0678;0,9593;0,9673;0,991;0,9605;0,9971
166;41882;455295,5836026555;1,6666666666666665;551;40;0,0850018481391668;0,11224467099165897;0,6741467562557925;0,2529;0,222;0,1159;0,2529;0,0678;0,9576;0,9673;0,9913;0,9582;0,9971
167;41882;455295,5836026555;1,9444444444444444;551;40;0,08488141058625416;0,11226159554730983;0,6740450834879406;0,2388;0,222;0,1101;0,233;0,0678;0,9622;0,9673;0,9922;0,9641;0,9971
168;41885;567037,826478596;0,2777777777777778;562;35;0,09333264867087554;0,13059827213822894;0,6095506479481642;0,232;0,1982;0,219;0,243;0,0819;0,9663;0,9754;0,9703;0,964;0,9959
169;41885;567037,826478596;0,5555555555555556;535;35;0,08472447135678438;0,12945009784735811;0,3064779843444227;0,2541;0,1982;0,0559;0,2115;0,0819;0,9596;0,9754;0,9981;0,9718;0,9959
170;41885;567037,826478596;0,8333333333333333;535;35;0,08472447135678438;0,12945009784735811;0,3064779843444227;0,2574;0,1982;0,0519;0,2074;0,0819;0,9586;0,9754;0,9984;0,9741;0,9959
171;41885;567037,826478596;1,1111111111111112;534;35;0,08457782874488921;0,12923454367026496;0,3060883218842002;0,2303;0,1982;0,0559;0,1944;0,0819;0,9668;0,9754;0,9981;0,9763;0,9959
172;41885;567037,826478596;1,3888888888888888;534;35;0,08471846445464815;0,12948090107737512;0,3061374142997062;0,2277;0,1982;0,0545;0,1977;0,0819;0,9676;0,9754;0,9982;0,9763;0,9959
173;41885;567037,826478596;1,6666666666666665;534;35;0,08471846445464815;0,12948090107737512;0,3061374142997062;0,2273;0,1982;0,0571;0,1937;0,0819;0,9677;0,9754;0,998;0,9767;0,9959
174;41885;567037,826478596;1,9444444444444444;534;35;0,08471846445464815;0,12948090107737512;0,3061374142997062;0,2147;0,1982;0,0587;0,1902;0,0819;0,9712;0,9754;0,9979;0,9773;0,9959
175;41918;613135,4362074754;0,2777777777777778;562;31;0,09333264867087554;0,13059827213822894;0,6570424406047516;0,2804;0,2463;0,1945;0,2888;0,0789;0,958;0,9676;0,9814;0,9564;0,9969
176;41918;613135,4362074754;0,5555555555555556;547;31;0,08947830192345169;0,13699045967042497;0,35428681699913267;0,2844;0,2463;0,0581;0,2481;0,0789;0,9568;0,9676;0,9984;0,9676;0,9969
177;41918;613135,4362074754;0,8333333333333333;547;31;0,08983647837695762;0,13688648180242632;0,3542914211438475;0,289;0,2463;0,0526;0,2338;0,0789;0,9554;0,9676;0,9987;0,9719;0,9969
178;41918;613135,4362074754;1,1111111111111112;547;31;0,08913586270392336;0,13670782608695653;0,3536397391304348;0,3045;0,2463;0,055;0,2259;0,0789;0,9505;0,9676;0,9985;0,9721;0,9969
179;41918;613135,4362074754;1,3888888888888888;547;31;0,08927655728898785;0,1367686956521739;0,3535320869565218;0,2735;0,2463;0,0608;0,2227;0,0789;0,9601;0,9676;0,9982;0,974;0,9969
180;41918;613135,4362074754;1,6666666666666665;547;31;0,08927655728898785;0,1367686956521739;0,3535320869565218;0,2695;0,2463;0,06;0,2284;0,0789;0,9612;0,9676;0,9983;0,9734;0,9969
181;41918;613135,4362074754;1,9444444444444444;547;31;0,08927655728898785;0,13676869565217392;0,3535320869565218;0,2673;0,2463;0,0584;0,2372;0,0789;0,9619;0,9676;0,9983;0,9707;0,9969
182;41887;712074,4162252684;0,2777777777777778;548;24;0,08993264869548233;0,14461063627730297;0,4642417853751187;0,3285;0,3139;0,105;0,345;0,0985;0,9067;0,9148;0,9925;0,904;0,9931
183;41887;712074,4162252684;0,5555555555555556;547;24;0,0875869903632822;0,15272396694214876;0,2358117355371901;0,2181;0,3139;0,0642;0,1741;0,0985;0,9589;0,9148;0,9972;0,9753;0,9931
184;41887;712074,4162252684;0,8333333333333333;547;24;0,08757516103852055;0,15296192052980134;0,23608592715231783;0,2294;0,3139;0,0617;0,1492;0,0985;0,9545;0,9148;0,9974;0,9812;0,9931
185;41887;712074,4162252684;1,1111111111111112;547;24;0,08757516103852055;0,15296192052980134;0,23608592715231788;0,233;0,3139;0,0589;0,1519;0,0985;0,9531;0,9148;0,9977;0,9814;0,9931
186;41887;712074,4162252684;1,3888888888888888;547;24;0,08757516103852055;0,15296192052980134;0,23608592715231783;0,2347;0,3139;0,06;0,1366;0,0985;0,9524;0,9148;0,9976;0,9836;0,9931
187;41887;712074,4162252684;1,6666666666666665;547;24;0,08757516103852055;0,15296192052980134;0,23608592715231783;0,2196;0,3139;0,0622;0,1318;0,0985;0,9583;0,9148;0,9974;0,985;0,9931
188;41887;712074,4162252684;1,9444444444444444;547;24;0,08757516103852055;0,15296192052980134;0,23608592715231783;0,2173;0,3139;0,0629;0,1335;0,0985;0,9592;0,9148;0,9973;0,985;0,9931
189;41888;765334,820245521;0,2777777777777778;549;20;0,0835177823769215;0,14896632996632994;0,5612177328843996;0,4853;0,3335;0,4359;0,5408;0,1075;0,8297;0,9196;0,8767;0,8083;0,9924
190;41888;765334,820245521;0,5555555555555556;548;20;0,08331080219838488;0,14913370786516852;0,5616369662921349;0,2429;0,3335;0,173;0,2299;0,1075;0,9573;0,9196;0,9806;0,9657;0,9924
191;41888;765334,820245521;0,8333333333333333;547;20;0,0829005739363045;0,14944144144144145;0,5624782657657659;0,2275;0,3335;0,145;0,1977;0,1075;0,9626;0,9196;0,9861;0,9737;0,9924
192;41888;765334,820245521;1,1111111111111112;547;20;0,08289163499347894;0,14949943630214205;0,5627509582863585;0,2426;0,3335;0,1256;0,1744;0,1075;0,9574;0,9196;0,9896;0,9786;0,9924
193;41888;765334,820245521;1,3888888888888888;547;20;0,08290507577652934;0,14934121621621624;0,5623290540540541;0,2507;0,3335;0,1272;0,1795;0,1075;0,9546;0,9196;0,9893;0,9778;0,9924
194;41888;765334,820245521;1,6666666666666665;547;20;0,08290507577652934;0,14934121621621624;0,5623290540540541;0,2214;0,3335;0,1279;0,1489;0,1075;0,9646;0,9196;0,9892;0,9838;0,9924
195;41888;765334,820245521;1,9444444444444444;547;20;0,08290507577652934;0,14934121621621624;0,5623290540540541;0,2267;0,3335;0,1298;0,1547;0,1075;0,9628;0,9196;0,9889;0,9818;0,9924
196;42214;173586,2169616771;0,2777777777777778;520;6;0,09836514465842883;0,08131233595800526;0,08680761154855644;0,1101;0,2288;0,0386;0,0808;0,0466;0,9854;0,9369;0,9981;0,9918;0,9971
197;42214;173586,2169616771;0,5555555555555556;518;6;0,09836514465842883;0,08131233595800526;0,08680761154855644;0,1149;0,2288;0,0349;0,0784;0,0466;0,9841;0,9369;0,9984;0,9919;0,9971
198;42214;173586,2169616771;0,8333333333333333;518;6;0,09836514465842883;0,08131233595800526;0,08680761154855644;0,1105;0,2288;0,0338;0,0634;0,0466;0,9853;0,9369;0,9985;0,9949;0,9971
199;42214;173586,2169616771;1,1111111111111112;518;6;0,09836514465842883;0,08131233595800526;0,08680761154855644;0,1282;0,2288;0,0312;0,0679;0,0466;0,9802;0,9369;0,9987;0,9944;0,9971
200;42214;173586,2169616771;1,3888888888888888;518;6;0,09836514465842883;0,08131233595800526;0,08680761154855644;0,1291;0,2288;0,0311;0,0686;0,0466;0,9799;0,9369;0,9988;0,9944;0,9971
201;42214;173586,2169616771;1,6666666666666665;518;6;0,09836514465842883;0,08131233595800526;0,08680761154855644;0,1239;0,2288;0,0303;0,064;0,0466;0,9815;0,9369;0,9988;0,9949;0,9971
202;42214;173586,2169616771;1,9444444444444444;518;6;0,09836514465842883;0,08131233595800526;0,08680761154855644;0,1234;0,2288;0,0304;0,064;0,0466;0,9817;0,9369;0,9988;0,9949;0,9971
203;41866;234513,3393847275;0,2777777777777778;533;20;0,08625871799042348;0,11475066666666667;0,16730066666666668;0,1396;0,1676;0,0388;0,1144;0,0622;0,9734;0,9617;0,998;0,9821;0,9945
204;41866;234513,3393847275;0,5555555555555556;532;20;0,08575060768956512;0,11435647530040054;0,16705887850467288;0,143;0,1669;0,0471;0,0944;0,0618;0,9721;0,962;0,997;0,988;0,9946
205;41866;234513,3393847275;0,8333333333333333;532;20;0,08510160891938551;0,11403614457831325;0,16675314591700133;0,1513;0,1669;0,0333;0,0934;0,0618;0,9688;0,962;0,9985;0,9881;0,9946
206;41866;234513,3393847275;1,1111111111111112;531;20;0,08510160891938551;0,11403614457831325;0,16675314591700133;0,1519;0,1669;0,0337;0,0955;0,0618;0,9685;0,962;0,9985;0,9876;0,9946
207;41866;234513,3393847275;1,3888888888888888;531;20;0,08510160891938551;0,11403614457831325;0,16675314591700133;0,1543;0,1669;0,0353;0,0968;0,0618;0,9675;0,962;0,9983;0,9871;0,9946
208;41866;234513,3393847275;1,6666666666666665;531;20;0,08510160891938551;0,11403614457831325;0,16675314591700133;0,1553;0,1669;0,0348;0,0977;0,0618;0,9671;0,962;0,9984;0,987;0,9946
209;41866;234513,3393847275;1,9444444444444444;531;20;0,08510160891938551;0,11403614457831325;0,16675314591700133;0,1432;0,1669;0,035;0,0973;0,0618;0,972;0,962;0,9983;0,9872;0,9946
210;42224;286057,9769483367;0,2777777777777778;542;20;0,12049811369357809;0,1231761403508772;0,4086813333333333;0,2164;0,2277;0,1153;0,2162;0,1033;0,9504;0,9451;0,9868;0,952;0,9893
211;42224;286057,9769483367;0,5555555555555556;535;20;0,0814612059078666;0,10888512911843279;0,2836151380231522;0,1272;0,2263;0,0835;0,1209;0,1027;0,9829;0,9458;0,9932;0,9846;0,9894
212;42224;286057,9769483367;0,8333333333333333;535;20;0,08126111134950137;0,10875557537912578;0,2838122212310437;0,1297;0,2256;0,0858;0,1195;0,1027;0,9822;0,9461;0,9928;0,9847;0,9894
213;42224;286057,9769483367;1,1111111111111112;533;20;0,08112559715061735;0,10848389982110913;0,28311878354203934;0,1365;0,2256;0,0866;0,1328;0,1027;0,9803;0,9461;0,9927;0,9822;0,9894
214;42224;286057,9769483367;1,3888888888888888;533;20;0,08094550307891196;0,10863978494623656;0,28282553763440854;0,139;0,2251;0,0863;0,1378;0,1028;0,9795;0,9464;0,9927;0,981;0,9893
215;42224;286057,9769483367;1,6666666666666665;533;20;0,08092075592175271;0,10845161290322582;0,2827543906810036;0,1386;0,2251;0,0865;0,1339;0,1028;0,9797;0,9464;0,9927;0,9822;0,9893
216;42224;286057,9769483367;1,9444444444444444;533;20;0,08092075592175271;0,10845161290322582;0,28275439068100355;0,1362;0,2251;0,087;0,1332;0,1028;0,9804;0,9464;0,9926;0,9824;0,9893
217;42305;326460,34372443985;0,2777777777777778;542;20;0,12049811369357809;0,1231761403508772;0,41075817543859644;0,2295;0,2161;0,1359;0,2384;0,0621;0,9417;0,9483;0,9793;0,9389;0,9956
218;42305;326460,34372443985;0,5555555555555556;535;20;0,0852686320654206;0,10919303201506592;0,3062420903954802;0,1502;0,216;0,0836;0,132;0,0622;0,975;0,9484;0,9923;0,9805;0,9956
219;42305;326460,34372443985;0,8333333333333333;534;20;0,08494396618491745;0,10882674199623353;0,3065456685499059;0,1158;0,2159;0,079;0,1139;0,0627;0,9852;0,9484;0,9931;0,9857;0,9955
220;42305;326460,34372443985;1,1111111111111112;534;20;0,08493570977904862;0,10859943449575872;0,30636475023562676;0,129;0,2159;0,075;0,1207;0,0627;0,9816;0,9484;0,9938;0,9837;0,9955
221;42305;326460,34372443985;1,3888888888888888;534;20;0,08475311321270715;0,1087639282341832;0,30643220018885736;0,1376;0,2159;0,0762;0,132;0,0627;0,979;0,9484;0,9936;0,9809;0,9955
222;42305;326460,34372443985;1,6666666666666665;533;20;0,08475311321270715;0,1087639282341832;0,30643220018885736;0,1458;0,2159;0,0746;0,1374;0,0627;0,9765;0,9484;0,9939;0,9789;0,9955
223;42305;326460,34372443985;1,9444444444444444;533;20;0,08475311321270715;0,10876392823418318;0,3064322001888574;0,1443;0,2159;0,0757;0,1344;0,0627;0,977;0,9484;0,9937;0,9798;0,9955
224;23410;483182,6678917009;0,2777777777777778;542;20;0,12190784102908163;0,12307929515418503;0,8388812775330398;0,4815;0,3999;0,4464;0,5205;0,1952;0,7805;0,8491;0,8477;0,7528;0,9638
225;23410;483182,6678917009;0,5555555555555556;536;20;0,12298007964555865;0,12264416727806308;0,8368399119589143;0,3179;0,3999;0,2538;0,3067;0,1929;0,9043;0,8491;0,9508;0,9098;0,9644
226;23410;483182,6678917009;0,8333333333333333;536;20;0,12329914189041719;0,12315542521994137;0,8358010997067449;0,288;0,4;0,2021;0,2875;0,1928;0,9214;0,849;0,9688;0,9193;0,9643
227;23410;483182,6678917009;1,1111111111111112;536;20;0,1225245968662789;0,12320132255694342;0,8373212343864805;0,3111;0,4;0,2123;0,3055;0,1928;0,9083;0,849;0,9656;0,9103;0,9643
228;23410;483182,6678917009;1,3888888888888888;536;20;0,1197754879239921;0,12162850812407681;0,8401987444608569;0,3169;0,4003;0,2241;0,3183;0,1933;0,9048;0,8488;0,9616;0,9004;0,9641
229;23410;483182,6678917009;1,6666666666666665;536;20;0,1195766998367558;0,12125147928994084;0,8411696005917159;0,3316;0,4003;0,2457;0,3374;0,1933;0,8958;0,8488;0,9539;0,8846;0,9641
230;23410;483182,6678917009;1,9444444444444444;536;20;0,1188744161103127;0,12122279792746113;0,8416561065877127;0,3448;0,4003;0,2492;0,3521;0,1933;0,8874;0,8488;0,9526;0,8811;0,9641
